;FECHA;CONCEPTO; VALOR  ;Proveedor;Observación
;martes, 7 de enero de 2025;Compras; $ 186,00 ;Reach ALL;
;miércoles, 8 de enero de 2025;Compras; $ 84,00 ;ELA Superior Produce ;
;miércoles, 8 de enero de 2025;Compras; $ 217,56 ;Tropical Cheese;
;jueves, 9 de enero de 2025;Compras; $ 18,00 ;ELA Superior Produce ;
;jueves, 9 de enero de 2025;Compras; $ 929,90 ;KHL Flavors;
;jueves, 9 de enero de 2025;Compras; $ 357,78 ;Del Caribe Meat;
;jueves, 9 de enero de 2025;Compras; $ 350,00 ;P&A Produce LLC;
;jueves, 9 de enero de 2025;Compras; $ 969,50 ;Grubmarket - General;
;jueves, 9 de enero de 2025;Compras; $ 285,00 ;S&J Global Trading;
;sábado, 11 de enero de 2025;Compras; $ 47,00 ;INP Food;
;sábado, 11 de enero de 2025;Compras; $ 340,00 ;P&A Produce LLC;
;sábado, 11 de enero de 2025;Compras; $ 577,00 ;Grubmarket - General;
;viernes, 10 de enero de 2025;Compras; $ 240,00 ;ELA Superior Produce ;
;viernes, 10 de enero de 2025;Compras; $ 197,39 ;Cordialsa USA;
;viernes, 10 de enero de 2025;Compras; $ 579,50 ;Grubmarket - General;
;jueves, 9 de enero de 2025;Compras; $ 399,89 ;Distribuidora Quisqueya;
;viernes, 10 de enero de 2025;Compras; $ 407,50 ;Cibao Meat Products;
;viernes, 3 de enero de 2025;Compras; $ 583,07 ;Jetro     fact  añadida despues;
;sábado, 4 de enero de 2025;Compras; $ 328,60 ;Jetro;
;lunes, 13 de enero de 2025;Compras; $ 160,00 ;P&A Produce LLC;
;martes, 7 de enero de 2025;Compras; $ 539,82 ;Jetro;
;martes, 14 de enero de 2025;Compras; $ 40,00 ;Fresh Enterprise;
;martes, 14 de enero de 2025;Compras; $ 323,00 ;ELA Superior Produce ;
;martes, 14 de enero de 2025;Compras; $ 624,00 ;P&A Produce LLC;
;martes, 14 de enero de 2025;Compras; $ 332,00 ;S&J Global Trading;
;martes, 14 de enero de 2025;Compras; $ 90,00 ;P&A Produce LLC;
;martes, 14 de enero de 2025;Compras; $ 873,00 ;Grubmarket - General;
;martes, 14 de enero de 2025;Compras; $ 271,99 ;Wholesale Co;
;jueves, 16 de enero de 2025;Compras; $ 656,90 ;Distribuidora Quisqueya;
;jueves, 16 de enero de 2025;Compras; $ 554,50 ;P&A Produce LLC;
;jueves, 16 de enero de 2025;Compras; $ 26,00 ;Grubmarket - General;
;jueves, 16 de enero de 2025;Compras; $ 731,00 ;Grubmarket - General;
;jueves, 16 de enero de 2025;Compras; $ 292,00 ;S&J Global Trading;
;jueves, 16 de enero de 2025;Compras; $ 301,24 ;Tropical Cheese;
;lunes, 13 de enero de 2025;Compras; $ 618,58 ;Jetro;
;viernes, 31 de enero de 2025;Compras; $ 791,50 ;P&A Produce LLC;
;viernes, 31 de enero de 2025;Compras; $ 1.180,00 ;Grubmarket - General;
;viernes, 31 de enero de 2025;; $ 1.503,40 ;Sin Factura;
;jueves, 30 de enero de 2025;Compras; $ 279,40 ;Distribuidora Quisqueya;
;jueves, 30 de enero de 2025;Compras; $ 275,00 ;P&A Produce LLC;
;jueves, 30 de enero de 2025;Compras; $ 64,00 ;P&A Produce LLC;
;jueves, 30 de enero de 2025;Compras; $ 903,00 ;Grubmarket - General;
;miércoles, 15 de enero de 2025;Compras; $ 435,22 ;Jetro;
;martes, 28 de enero de 2025;Compras; $ 382,02 ;Tropical Cheese;
;martes, 28 de enero de 2025;Compras; $ 268,00 ;S&J Global Trading;
;martes, 28 de enero de 2025;Compras; $ 60,00 ;Grubmarket - General;
;martes, 28 de enero de 2025;Compras; $ 653,00 ;P&A Produce LLC;
;martes, 28 de enero de 2025;Compras; $ 587,00 ;Grubmarket - General;
;miércoles, 29 de enero de 2025;Compras; $ 543,70 ;Family Food Distributors;
;lunes, 20 de enero de 2025;Compras; $ 60,00 ;BP;
;lunes, 20 de enero de 2025;Compras; $ 71,00 ;INP Food Town;
;lunes, 20 de enero de 2025;Compras; $ 100,00 ;La Tortillera;
;lunes, 20 de enero de 2025;Compras; $ 642,00 ;Grubmarket - General;
;lunes, 20 de enero de 2025;Compras; $ 463,00 ;P&A Produce LLC;
;lunes, 20 de enero de 2025;Compras; $ 1.366,00 ;Goya;
;lunes, 20 de enero de 2025;Compras; $ 36,77 ;Goya;
;lunes, 20 de enero de 2025;Compras; $ 140,44 ;Goya;
;lunes, 20 de enero de 2025;Compras; $ 245,72 ;Goya;
;lunes, 20 de enero de 2025;Compras;-$ 171,00 ;Hay Facturas pero no esta en recibo de caja;
;viernes, 17 de enero de 2025;Compras; $ 1.024,00 ;Jetro;
;miércoles, 22 de enero de 2025;Compras; $ 40,00 ;Fresh Enterprise;
;martes, 21 de enero de 2025;Compras; $ 320,00 ;Reach ALL;
;martes, 21 de enero de 2025;Compras; $ 191,78 ;Tropical Cheese;
;martes, 21 de enero de 2025;Compras; $ 840,00 ;Grubmarket - General;
;martes, 21 de enero de 2025;Compras; $ 23,00 ;Grubmarket - General;
;martes, 21 de enero de 2025;Compras; $ 176,00 ;P&A Produce LLC;
;martes, 21 de enero de 2025;Compras; $ 185,00 ;S&J Global Trading;
;martes, 21 de enero de 2025;Compras; $ 523,00 ;P&A Produce LLC;
;martes, 21 de enero de 2025;Compras; $ 1.014,00 ;Grubmarket - General;
;martes, 21 de enero de 2025;Compras;-$ 1.073,00 ;Hay Facturas pero no esta en recibo de caja;
;jueves, 23 de enero de 2025;Compras; $ 54,77 ;Walmart;
;jueves, 23 de enero de 2025;Compras; $ 365,09 ;Walmart;
;jueves, 23 de enero de 2025;Compras; $ 187,48 ;Walmart;
;jueves, 23 de enero de 2025;Compras; $ 913,29 ;Distribuidora Quisqueya;
;jueves, 23 de enero de 2025;Compras; $ 571,00 ;P&A Produce LLC;
;jueves, 23 de enero de 2025;Compras; $ 876,00 ;Grubmarket - General;
;jueves, 23 de enero de 2025;Compras;-$ 134,00 ;Hay Facturas pero no esta en recibo de caja;
;sábado, 25 de enero de 2025;Compras; $ 38,00 ;Grubmarket - General;
;sábado, 25 de enero de 2025;Compras; $ 38,00 ;Grubmarket - General;
;sábado, 25 de enero de 2025;Compras; $ 1.105,00 ;Grubmarket - General;
;sábado, 25 de enero de 2025;Compras; $ 255,00 ;S&J Global Trading;
;sábado, 25 de enero de 2025;Compras; $ 253,00 ;P&A Produce LLC;
;martes, 21 de enero de 2025;Compras; $ 692,83 ;Jetro;
;lunes, 27 de enero de 2025;Compras; $ 32,00 ;Grubmarket - General;
;lunes, 27 de enero de 2025;Compras; $ 430,00 ;Grubmarket - General;
;lunes, 27 de enero de 2025;Compras; $ 28,00 ;Grubmarket - General;
;lunes, 27 de enero de 2025;Compras; $ 159,00 ;Grubmarket - General;
;viernes, 17 de enero de 2025;Compras; $ 70,00 ;Fresh Enterprise;No hay recibo de caja pero hay Factura
;viernes, 17 de enero de 2025;Compras; $ 16,00 ;P&A Produce LLC;No hay recibo de caja pero hay Factura
;viernes, 17 de enero de 2025;Compras; $ 216,00 ;P&A Produce LLC;No hay recibo de caja pero hay Factura
;viernes, 17 de enero de 2025;Compras; $ 590,00 ;P&A Produce LLC;No hay recibo de caja pero hay Factura
;viernes, 17 de enero de 2025;Compras; $ 38,00 ;Grubmarket - General;No hay recibo de caja pero hay Factura
;viernes, 17 de enero de 2025;Compras; $ 629,00 ;Grubmarket - General;No hay recibo de caja pero hay Factura
;viernes, 17 de enero de 2025;Compras; $ 40,00 ;S&J Global Trading;No hay recibo de caja pero hay Factura
;lunes, 27 de enero de 2025;Compras; $ 495,08 ;Jetro;
;jueves, 23 de enero de 2025;Compras; $ 148,00 ;Primos Bakery Cors;
;sábado, 4 de enero de 2025;Compras; $ 317,83 ;Top Discount;
;martes, 28 de enero de 2025;Compras; $ 351,53 ;Jetro;
;sábado, 4 de enero de 2025;Compras; $ 131,76 ;B'JS;
;sábado, 4 de enero de 2025;Compras; $ 8,00 ;;no es recibo - Lemonade Simply
;sábado, 4 de enero de 2025;Compras; $ 255,00 ;S&J Global Trading;
;sábado, 4 de enero de 2025;Compras; $ 217,00 ;Grubmarket - General;
;sábado, 4 de enero de 2025;Compras; $ 353,00 ;P&A Produce LLC;
;martes, 1 de abril de 2025;Compras; $ 317,83 ;Wholesale Co;
;jueves, 2 de enero de 2025;Compras; $ 378,95 ;Distribuidora Quisqueya;
;viernes, 3 de enero de 2025;Compras; $ 104,00 ;ELA Superior Produce ;
;viernes, 3 de enero de 2025;Compras; $ 541,00 ;Grubmarket - General;
;viernes, 3 de enero de 2025;Compras; $ 1.057,00 ;Grubmarket - General;
;viernes, 3 de enero de 2025;Compras; $ 78,00 ;P&A Produce LLC;
;viernes, 3 de enero de 2025;Compras; $ 501,00 ;P&A Produce LLC;
;viernes, 3 de enero de 2025;Compras; $ 321,00 ;F&H Dairies;
;viernes, 3 de enero de 2025;Compras; $ 60,00 ;P&A Produce LLC;
;viernes, 3 de enero de 2025;Compras; $ 32,00 ;Grubmarket - General;
;martes, 7 de enero de 2025;Compras; $ 70,00 ;BP;
;viernes, 31 de enero de 2025;Compras; $ 471,82 ;Jetro;
;martes, 7 de enero de 2025;Compras; $ 28,00 ;ELA Superior Produce ;
;martes, 7 de enero de 2025;Compras; $ 48,00 ;ELA Superior Produce ;
;martes, 7 de enero de 2025;Compras; $ 218,00 ;Primos Bakery Cors;
;martes, 7 de enero de 2025;Compras; $ 20,00 ;Fresh Enterprise;
;martes, 7 de enero de 2025;Compras; $ 1.508,00 ;Grubmarket - General;
;martes, 7 de enero de 2025;Compras; $ 146,00 ;S&J Global Trading;
;martes, 7 de enero de 2025;Compras; $ 131,00 ;INP Food;
;martes, 7 de enero de 2025;Compras; $ 553,50 ;P&A Produce LLC;
;martes, 7 de enero de 2025;Compras; $ 40,00 ;S&J Global Trading;
;martes, 7 de enero de 2025;Compras; $ 348,00 ;P&A Produce LLC;
;martes, 7 de enero de 2025;Compras; $ 374,00 ;Grubmarket - General;
;martes, 7 de enero de 2025;Compras; $ 102,00 ;Veloz Cargo service;
;lunes, 6 de enero de 2025;Compras; $ 860,00 ;Sin identificar Proveedor;
;lunes, 6 de enero de 2025;Compras; $ 100,00 ;La Tortillera;
;lunes, 6 de enero de 2025;Compras; $ 808,50 ;Grubmarket - General;
;lunes, 6 de enero de 2025;Compras; $ 304,32 ;Goya;
;lunes, 6 de enero de 2025;Compras; $ 929,18 ;Goya;
;lunes, 6 de enero de 2025;Compras; $ 429,00 ;AL&C ;
;jueves, 12 de diciembre de 2024;Compras; $ 180,00 ;Romeros;Factura 274
;jueves, 27 de febrero de 2025;Compras; $ 800,00 ;Romeros;Factura 174
;jueves, 27 de febrero de 2025;Compras; $ 804,00 ;Distribuidora Quisqueya;
;jueves, 27 de febrero de 2025;Compras; $ 697,20 ;Wholesale Co;
;martes, 4 de febrero de 2025;Compras; $ 512,51 ;Jetro;
;viernes, 28 de febrero de 2025;Compras; $ 1.271,00 ;Grubmarket - General;
;viernes, 28 de febrero de 2025;Compras; $ 117,00 ;S&J Global Trading;
;viernes, 28 de febrero de 2025;Compras; $ 89,00 ;Grubmarket - General;
;martes, 25 de febrero de 2025;Compras; $ 393,00 ;B'JS;
;martes, 25 de febrero de 2025;Compras; $ 212,63 ;Walmart;
;martes, 25 de febrero de 2025;Compras; $ 67,18 ;Walmart;
;martes, 25 de febrero de 2025;Compras; $ 523,56 ;Walmart;
;miércoles, 26 de febrero de 2025;Compras; $ 178,85 ;Family Food Distributors;
;miércoles, 26 de febrero de 2025;Compras; $ 1.065,85 ;KHL Flavors;
;lunes, 24 de febrero de 2025;Compras; $ 729,00 ;Grubmarket - General;
;lunes, 24 de febrero de 2025;Compras; $ 227,00 ;P&A Produce LLC;
;sábado, 8 de febrero de 2025;Compras; $ 329,23 ;Jetro;
;martes, 25 de febrero de 2025;Compras; $ 120,00 ;no factura;
;martes, 25 de febrero de 2025;Compras; $ 629,00 ;P&A Produce LLC;
;martes, 25 de febrero de 2025;Compras; $ 61,00 ;S&J Global Trading;
;martes, 25 de febrero de 2025;Compras; $ 48,00 ;Grubmarket - General;
;martes, 25 de febrero de 2025;Compras; $ 616,00 ;Grubmarket - General;
;martes, 25 de febrero de 2025;Compras; $ 333,48 ;Tropical Cheese;
;martes, 25 de febrero de 2025;Compras; $ 12,92 ;Tropical Cheese;
;sábado, 22 de febrero de 2025;Compras; $ 70,00 ;BP;
;sábado, 22 de febrero de 2025;Compras; $ 54,09 ;AMD;
;sábado, 8 de febrero de 2025;Compras; $ 121,85 ;Jetro;
;sábado, 22 de febrero de 2025;Compras; $ 28,00 ;P&A Produce LLC;
;sábado, 22 de febrero de 2025;Compras; $ 517,00 ;P&A Produce LLC;
;sábado, 22 de febrero de 2025;Compras; $ 522,00 ;Grubmarket - General;
;sábado, 22 de febrero de 2025;Compras; $ 200,00 ;S&J Global Trading;
;viernes, 21 de febrero de 2025;Compras; $ 697,00 ;Grubmarket - General;
;viernes, 21 de febrero de 2025;Compras; $ 174,00 ;Grubmarket - General;
;jueves, 20 de febrero de 2025;Compras; $ 207,00 ;S&J Global Trading;
;jueves, 20 de febrero de 2025;Compras; $ 846,45 ;Distribuidora Quisqueya;
;jueves, 20 de febrero de 2025;Compras; $ 551,00 ;Grubmarket - General;
;jueves, 20 de febrero de 2025;Compras; $ 487,00 ;P&A Produce LLC;
;miércoles, 19 de febrero de 2025;Compras; $ 338,00 ;Grubmarket - General;
;martes, 18 de febrero de 2025;Compras; $ 251,02 ;P&A Produce LLC;
;martes, 18 de febrero de 2025;Compras; $ 177,40 ;Primos Bakery Cors;
;martes, 18 de febrero de 2025;Compras; $ 20,00 ;Fresh Enterprise;
;martes, 18 de febrero de 2025;Compras; $ 186,00 ;Reach ALL;
;martes, 18 de febrero de 2025;Compras; $ 910,00 ;P&A Produce LLC;
;martes, 18 de febrero de 2025;Compras; $ 372,57 ;Tropical Cheese;
;martes, 18 de febrero de 2025;Compras; $ 822,00 ;Grubmarket - General;
;martes, 18 de febrero de 2025;Compras; $ 48,00 ;P&A Produce LLC;
;martes, 18 de febrero de 2025;Compras; $ 245,00 ;S&J Global Trading;
;lunes, 17 de febrero de 2025;Compras; $ 150,00 ;La Tortillera;
;lunes, 17 de febrero de 2025;Compras; $ 152,63 ;Goya;
;lunes, 17 de febrero de 2025;Compras; $ 918,64 ;Goya;
;lunes, 17 de febrero de 2025;Compras; $ 65,62 ;Goya;
;viernes, 14 de febrero de 2025;Compras; $ 1.214,02 ;Jetro;
;viernes, 14 de febrero de 2025;Compras; $ 20,00 ;Fresh Enterprise;
;viernes, 14 de febrero de 2025;Compras; $ 696,00 ;P&A Produce LLC;
;viernes, 14 de febrero de 2025;Compras; $ 395,85 ;Distribuidora Quisqueya;
;viernes, 14 de febrero de 2025;Compras; $ 133,00 ;S&J Global Trading;
;viernes, 14 de febrero de 2025;Compras; $ 753,00 ;Grubmarket - General;
;jueves, 13 de febrero de 2025;Compras; $ 72,00 ;Veloz Cargo service;
;jueves, 13 de febrero de 2025;Compras; $ 531,00 ;P&A Produce LLC;
;jueves, 13 de febrero de 2025;Compras; $ 756,00 ;Grubmarket - General;
;viernes, 14 de febrero de 2025;Compras; $ 46,60 ;Jetro;
;martes, 18 de febrero de 2025;Compras; $ 251,02 ;Jetro     fact  añadida despues;
;miércoles, 12 de febrero de 2025;Compras; $ 130,38 ;Wholesale Co;
;miércoles, 12 de febrero de 2025;Compras; $ 200,00 ;INP Food;
;martes, 11 de febrero de 2025;Compras; $ 338,84 ;Tropical Cheese;
;martes, 11 de febrero de 2025;Compras; $ 455,40 ;AL&C ;
;martes, 11 de febrero de 2025;Compras; $ 694,50 ;P&A Produce LLC;
;martes, 11 de febrero de 2025;Compras; $ 156,00 ;S&J Global Trading;
;martes, 11 de febrero de 2025;Compras; $ 783,00 ;Grubmarket - General;
;lunes, 10 de febrero de 2025;Compras; $ 672,00 ;P&A Produce LLC;
;lunes, 10 de febrero de 2025;Compras; $ 701,00 ;Grubmarket - General;
;sábado, 8 de febrero de 2025;Compras; $ 179,00 ;Circus Fruit;
;sábado, 8 de febrero de 2025;Compras; $ 207,64 ;Walmart;
;sábado, 8 de febrero de 2025;Compras; $ 307,94 ;Wholesale Co;
;sábado, 22 de febrero de 2025;Compras; $ 610,83 ;Jetro;
;martes, 25 de febrero de 2025;Compras; $ 175,48 ;Jetro;
;sábado, 8 de febrero de 2025;Compras; $ 245,00 ;Primos Bakery Cors;
;sábado, 8 de febrero de 2025;Compras; $ 20,00 ;Fresh Enterprise;
;sábado, 8 de febrero de 2025;Compras; $ 275,00 ;S&J Global Trading;
;sábado, 8 de febrero de 2025;Compras; $ 525,00 ;Grubmarket - General;
;viernes, 7 de febrero de 2025;Compras; $ 70,00 ;BP;
;viernes, 7 de febrero de 2025;Compras; $ 56,00 ;Grubmarket - General;
;viernes, 7 de febrero de 2025;Compras; $ 455,00 ;Grubmarket - General;
;viernes, 7 de febrero de 2025;Compras; $ 759,00 ;P&A Produce LLC;
;jueves, 6 de febrero de 2025;Compras; $ 20,00 ;Fresh Enterprise;
;jueves, 6 de febrero de 2025;Compras; $ 265,85 ;Distribuidora Quisqueya;
;jueves, 6 de febrero de 2025;Compras; $ 152,10 ;Del Caribe Meat;
;jueves, 6 de febrero de 2025;Compras; $ 609,00 ;Grubmarket - General;
;jueves, 6 de febrero de 2025;Compras; $ 247,00 ;S&J Global Trading;
;jueves, 6 de febrero de 2025;Compras; $ 546,00 ;P&A Produce LLC;
;viernes, 28 de febrero de 2025;Compras; $ 1.204,35 ;Jetro;
;martes, 4 de febrero de 2025;Compras; $ 134,00 ;Reach ALL;
;martes, 4 de febrero de 2025;Compras; $ 362,00 ;Grubmarket - General;
;martes, 4 de febrero de 2025;Compras; $ 48,00 ;P&A Produce LLC;
;martes, 4 de febrero de 2025;Compras; $ 45,00 ;S&J Global Trading;
;martes, 4 de febrero de 2025;Compras; $ 120,00 ;Mega Bag;
;martes, 4 de febrero de 2025;Compras; $ 487,00 ;P&A Produce LLC;
;lunes, 3 de febrero de 2025;Compras; $ 100,00 ;La Tortillera;
;lunes, 3 de febrero de 2025;Compras; $ 44,00 ;ELA Superior Produce ;
;lunes, 3 de febrero de 2025;Compras; $ 546,42 ;JP Trading And Global;
;lunes, 3 de febrero de 2025;Compras; $ 543,00 ;P&A Produce LLC;
;lunes, 3 de febrero de 2025;Compras; $ 1.172,00 ;Grubmarket - General;
;sábado, 1 de febrero de 2025;Compras; $ 20,00 ;Fresh Enterprise;
;sábado, 1 de febrero de 2025;Compras; $ 57,00 ;Grubmarket - General;
;sábado, 1 de febrero de 2025;Compras; $ 247,00 ;S&J Global Trading;
;lunes, 31 de marzo de 2025;Compras; $ 19,99 ;ICE;
;martes, 4 de marzo de 2025;Compras; $ 440,14 ;Jetro;
;lunes, 31 de marzo de 2025;Compras; $ 35,36 ;Western Beef;
;lunes, 31 de marzo de 2025;Compras; $ 123,00 ;Primos Bakery Cors;
;lunes, 31 de marzo de 2025;Compras; $ 736,00 ;P&A Produce LLC;
;lunes, 31 de marzo de 2025;Compras; $ 150,00 ;INP Food;
;lunes, 31 de marzo de 2025;Compras; $ 228,00 ;F&H Dairies;
;lunes, 31 de marzo de 2025;Compras; $ 891,00 ;Grubmarket - General;
;lunes, 31 de marzo de 2025;Compras; $ 1.087,39 ;Goya;
;lunes, 31 de marzo de 2025;Compras; $ 21,39 ;Goya;
;lunes, 31 de marzo de 2025;Compras; $ 26,22 ;Goya;
;viernes, 28 de marzo de 2025;Compras; $ 770,13 ;Wholesale Co;
;sábado, 8 de marzo de 2025;Compras; $ 155,41 ;Jetro;
;viernes, 28 de marzo de 2025;Compras; $ 393,00 ;S&J Global Trading;
;viernes, 28 de marzo de 2025;Compras; $ 855,00 ;Grubmarket - General;
;viernes, 28 de marzo de 2025;Compras; $ 117,00 ;F&H Dairies;
;viernes, 28 de marzo de 2025;Compras; $ 892,00 ;P&A Produce LLC;
;viernes, 28 de marzo de 2025;Compras; $ 94,00 ;Grubmarket - General;
;viernes, 28 de marzo de 2025;Compras; $ 258,07 ;Preferred Beverage;
;lunes, 10 de marzo de 2025;Compras; $ 772,30 ;Jetro;
;jueves, 27 de marzo de 2025;Compras; $ 280,00 ;Limon;No identifica Preveedor
;jueves, 27 de marzo de 2025;Compras; $ 534,00 ;P&A Produce LLC;
;jueves, 27 de marzo de 2025;Compras; $ 792,00 ;Grubmarket - General;
;jueves, 27 de marzo de 2025;Compras; $ 438,12 ;Del Caribe Meat;
;jueves, 27 de marzo de 2025;Compras; $ 889,20 ;Distribuidora Quisqueya;
;lunes, 24 de marzo de 2025;Compras; $ 35,00 ;INP Food;
;lunes, 24 de marzo de 2025;Compras; $ 20,00 ;Fresh Enterprise;
;lunes, 24 de marzo de 2025;Compras; $ 220,00 ;S&J Global Trading;
;lunes, 24 de marzo de 2025;Compras; $ 54,00 ;Grubmarket - General;
;lunes, 24 de marzo de 2025;Compras; $ 502,00 ;P&A Produce LLC;
;lunes, 24 de marzo de 2025;Compras; $ 40,00 ;Grubmarket - General;
;lunes, 24 de marzo de 2025;Compras; $ 1.055,50 ;Grubmarket - General;
;lunes, 24 de marzo de 2025;Compras; $ 319,00 ;P&A Produce LLC;
;lunes, 24 de marzo de 2025;Compras; $ 313,38 ;Tropical Cheese;
;lunes, 24 de marzo de 2025;Compras; $ 398,00 ;Grubmarket - General;
;lunes, 24 de marzo de 2025;Compras; $ 54,00 ;Mega Bag;
;lunes, 24 de marzo de 2025;Compras; $ 28,00 ;Grubmarket - General;
;sábado, 15 de marzo de 2025;Compras; $ 491,92 ;Jetro;
;sábado, 22 de marzo de 2025;Compras; $ 746,00 ;Grubmarket - General;
;sábado, 22 de marzo de 2025;Compras; $ 160,00 ;Grubmarket - General;
;sábado, 22 de marzo de 2025;Compras; $ 418,00 ;P&A Produce LLC;
;viernes, 21 de marzo de 2025;Compras; $ 30,00 ;Fresa;No identifica Preveedor
;viernes, 21 de marzo de 2025;Compras; $ 20,00 ;Fresh Enterprise;
;viernes, 21 de marzo de 2025;Compras; $ 303,00 ;Grubmarket - General;
;viernes, 21 de marzo de 2025;Compras; $ 381,00 ;S&J Global Trading;
;lunes, 17 de marzo de 2025;Compras; $ 423,58 ;Jetro;
;jueves, 20 de marzo de 2025;Compras; $ 60,00 ;S&J Global Trading;
;jueves, 20 de marzo de 2025;Compras; $ 276,00 ;F&H Dairies;
;jueves, 20 de marzo de 2025;Compras; $ 825,00 ;Grubmarket - General;
;jueves, 20 de marzo de 2025;Compras; $ 570,00 ;P&A Produce LLC;
;jueves, 20 de marzo de 2025;Compras; $ 335,00 ;AL&C ;
;jueves, 20 de marzo de 2025;Compras; $ 53,00 ;Reach ALL;
;jueves, 20 de marzo de 2025;Compras; $ 864,00 ;Grubmarket - General;
;jueves, 20 de marzo de 2025;Compras; $ 102,00 ;Grubmarket - General;
;jueves, 20 de marzo de 2025;Compras; $ 1.067,00 ;P&A Produce LLC;
;jueves, 20 de marzo de 2025;Compras; $ 277,74 ;Tropical Cheese;
;jueves, 20 de marzo de 2025;Compras; $ 186,50 ;Distribuidora Quisqueya;
;lunes, 17 de marzo de 2025;Compras; $ 423,58 ;Wholesale Co;
;jueves, 20 de marzo de 2025;Compras; $ 384,84 ;Jetro;
;jueves, 20 de marzo de 2025;Compras; $ 588,97 ;Jetro     fact  añadida despues;
;lunes, 17 de marzo de 2025;Compras; $ 100,00 ;La Tortillera;
;lunes, 17 de marzo de 2025;Compras; $ 409,00 ;Grubmarket - General;
;lunes, 17 de marzo de 2025;Compras; $ 206,00 ;P&A Produce LLC;
;lunes, 17 de marzo de 2025;Compras; $ 586,35 ;JP Trading And Global;
;sábado, 22 de marzo de 2025;Compras; $ 23,20 ;Jetro;
;sábado, 15 de marzo de 2025;Compras; $ 174,00 ;Grubmarket - General;
;sábado, 15 de marzo de 2025;Compras; $ 110,00 ;S&J Global Trading;
;sábado, 15 de marzo de 2025;Compras; $ 111,00 ;INP Food;
;sábado, 15 de marzo de 2025;Compras; $ 413,50 ;P&A Produce LLC;
;viernes, 14 de marzo de 2025;Compras; $ 213,00 ;Grubmarket - General;
;viernes, 14 de marzo de 2025;Compras; $ 19,00 ;Grubmarket - General;
;viernes, 14 de marzo de 2025;Compras; $ 431,00 ;Grubmarket - General;
;viernes, 14 de marzo de 2025;Compras; $ 920,00 ;P&A Produce LLC;
;jueves, 13 de marzo de 2025;Compras; $ 349,20 ;Del Caribe Meat;
;jueves, 13 de marzo de 2025;Compras; $ 529,50 ;P&A Produce LLC;
;jueves, 13 de marzo de 2025;Compras; $ 393,00 ;Grubmarket - General;
;jueves, 13 de marzo de 2025;Compras; $ 125,00 ;S&J Global Trading;
;jueves, 13 de marzo de 2025;Compras; $ 418,12 ;Distribuidora Quisqueya;
;miércoles, 12 de marzo de 2025;Compras; $ 30,00 ;Bluberry;No identifica Preveedor
;miércoles, 12 de marzo de 2025;Compras; $ 204,50 ;Veloz Cargo service;
;martes, 11 de marzo de 2025;Compras; $ 745,00 ;P&A Produce LLC;
;martes, 11 de marzo de 2025;Compras; $ 44,00 ;Grubmarket - General;
;martes, 11 de marzo de 2025;Compras; $ 782,00 ;Grubmarket - General;
;martes, 11 de marzo de 2025;Compras; $ 393,00 ;S&J Global Trading;
;martes, 11 de marzo de 2025;Compras; $ 327,39 ;Cordialsa USA;
;lunes, 10 de marzo de 2025;Compras; $ 25,95 ;ICE;
;lunes, 10 de marzo de 2025;Compras; $ 70,00 ;;Salami no tiene factura
;jueves, 27 de marzo de 2025;Compras; $ 204,95 ;Jetro;
;sábado, 8 de marzo de 2025;Compras; $ 70,00 ;BP;
;viernes, 28 de marzo de 2025;Compras; $ 1.136,72 ;Jetro;
;sábado, 8 de marzo de 2025;Compras; $ 688,00 ;Grubmarket - General;
;sábado, 8 de marzo de 2025;Compras; $ 232,00 ;P&A Produce LLC;
;viernes, 7 de marzo de 2025;Compras; $ 20,00 ;Fresh Enterprise;
;viernes, 7 de marzo de 2025;Compras; $ 330,34 ;Goya;
;viernes, 7 de marzo de 2025;Compras; $ 85,52 ;Goya;
;viernes, 7 de marzo de 2025;Compras; $ 1.157,73 ;Goya;
;viernes, 7 de marzo de 2025;Compras; $ 449,96 ;Cibao Meat Products;
;viernes, 7 de marzo de 2025;Compras; $ 522,00 ;Grubmarket - General;
;viernes, 7 de marzo de 2025;Compras; $ 604,00 ;P&A Produce LLC;
;viernes, 7 de marzo de 2025;Compras; $ 218,00 ;S&J Global Trading;
;jueves, 6 de marzo de 2025;Compras; $ 272,00 ;Grubmarket - General;
;jueves, 6 de marzo de 2025;Compras; $ 346,00 ;P&A Produce LLC;
;jueves, 6 de marzo de 2025;Compras; $ 28,00 ;P&A Produce LLC;
;jueves, 6 de marzo de 2025;Compras; $ 323,00 ;Distribuidora Quisqueya;
;miércoles, 5 de marzo de 2025;Compras; $ 70,00 ;INP Food;
;miércoles, 5 de marzo de 2025;Compras; $ 80,00 ;;Aguacate no tiene factura
;miércoles, 5 de marzo de 2025;Compras; $ 633,00 ;Grubmarket - General;
;lunes, 31 de marzo de 2025;Compras; $ 84,92 ;Jetro;
;martes, 4 de marzo de 2025;Compras; $ 20,00 ;Fresh Enterprise;
;martes, 4 de marzo de 2025;Compras; $ 283,38 ;Tropical Cheese;
;martes, 4 de marzo de 2025;Compras; $ 671,00 ;P&A Produce LLC;
;martes, 4 de marzo de 2025;Compras; $ 204,00 ;S&J Global Trading;
;martes, 4 de marzo de 2025;Compras; $ 52,00 ;Grubmarket - General;
;martes, 4 de marzo de 2025;Compras; $ 869,00 ;Grubmarket - General;
;lunes, 3 de marzo de 2025;Compras; $ 53,00 ;;Lechuga no tiene factura
;lunes, 3 de marzo de 2025;Compras; $ 100,00 ;La Tortillera;
;lunes, 3 de marzo de 2025;Compras; $ 773,00 ;Grubmarket - General;
;lunes, 3 de marzo de 2025;Compras; $ 79,00 ;Grubmarket - General;
;lunes, 3 de marzo de 2025;Compras; $ 133,00 ;S&J Global Trading;
;sábado, 1 de marzo de 2025;Compras; $ 114,23 ;Wholesale Co;
;sábado, 1 de marzo de 2025;Compras; $ 20,00 ;Fresh Enterprise;
;sábado, 1 de marzo de 2025;Compras; $ 222,00 ;S&J Global Trading;
;sábado, 1 de marzo de 2025;Compras; $ 194,00 ;Grubmarket - General;
;sábado, 1 de marzo de 2025;Compras; $ 547,00 ;Grubmarket - General;
;sábado, 1 de marzo de 2025;Compras; $ 72,00 ;Grubmarket - General;
;sábado, 1 de marzo de 2025;Compras; $ 192,25 ;Wholesale Co;
;miércoles, 30 de abril de 2025;Compras; $ 112,00 ;Circus Fruit;
;miércoles, 30 de abril de 2025;Compras; $ 70,00 ;BP;
;miércoles, 30 de abril de 2025;Compras; $ 406,00 ;Circus Fruit;
;miércoles, 30 de abril de 2025;Compras; $ 900,50 ;Grubmarket - General;
;miércoles, 30 de abril de 2025;Compras; $ 1.252,50 ;KHL Flavors;
;miércoles, 30 de abril de 2025;Compras; $ 437,00 ;AL&C ;
;martes, 29 de abril de 2025;Compras; $ 511,00 ;Grubmarket - General;
;martes, 29 de abril de 2025;Compras; $ 35,00 ;Grubmarket - General;
;martes, 29 de abril de 2025;Compras; $ 36,00 ;S&J Global Trading;
;martes, 29 de abril de 2025;Compras; $ 646,00 ;P&A Produce LLC;
;martes, 29 de abril de 2025;Compras; $ 269,28 ;Tropical Cheese;
;domingo, 27 de abril de 2025;Compras; $ 125,65 ;Walmart;
;jueves, 3 de abril de 2025;Compras; $ 65,92 ; jetro  cash;
;lunes, 28 de abril de 2025;Compras; $ 69,00 ;Mr. Spong;
;lunes, 28 de abril de 2025;Compras; $ 346,00 ;P&A Produce LLC;
;lunes, 28 de abril de 2025;Compras; $ 40,00 ;Grubmarket - General;
;lunes, 28 de abril de 2025;Compras; $ 382,00 ;Grubmarket - General;
;sábado, 26 de abril de 2025;Compras; $ 125,00 ;;Factura sin Proveedor
;sábado, 26 de abril de 2025;Compras; $ 759,00 ;P&A Produce LLC;
;sábado, 26 de abril de 2025;Compras; $ 444,00 ;Grubmarket - General;
;sábado, 26 de abril de 2025;Compras; $ 44,00 ;P&A Produce LLC;
;viernes, 25 de abril de 2025;Compras; $ 57,96 ;Wholesale Co;
;viernes, 25 de abril de 2025;Compras; $ 30,00 ;ICE;
;viernes, 25 de abril de 2025;Compras; $ 286,00 ;Grubmarket - General;
;viernes, 25 de abril de 2025;Compras; $ 219,00 ;S&J Global Trading;
;viernes, 25 de abril de 2025;Compras; $ 205,00 ;INP Food;
;sábado, 5 de abril de 2025;Compras; $ 180,09 ;Jetro cash;
;jueves, 24 de abril de 2025;Compras; $ 608,73 ;Distribuidora Quisqueya;
;jueves, 24 de abril de 2025;Compras; $ 168,00 ;Circus Fruit;
;jueves, 24 de abril de 2025;Compras; $ 20,00 ;Fresh Enterprise;
;jueves, 24 de abril de 2025;Compras; $ 577,00 ;P&A Produce LLC;
;jueves, 24 de abril de 2025;Compras; $ 842,00 ;Grubmarket - General;
;jueves, 24 de abril de 2025;Compras; $ 225,62 ;Tropical Cheese;
;martes, 22 de abril de 2025;Compras; $ 1.363,00 ;Grubmarket - General;
;martes, 22 de abril de 2025;Compras; $ 425,50 ;P&A Produce LLC;
;lunes, 21 de abril de 2025;Compras; $ 1,35 ;Staples;
;lunes, 7 de abril de 2025;Compras; $ 397,28 ;Jetro;
;lunes, 21 de abril de 2025;Compras; $ 40,00 ;P&A Produce LLC;
;lunes, 21 de abril de 2025;Compras; $ 413,00 ;P&A Produce LLC;
;viernes, 18 de abril de 2025;Compras; $ 176,00 ;Circus Fruit;
;viernes, 18 de abril de 2025;Compras; $ 402,00 ;S&J Global Trading;
;viernes, 18 de abril de 2025;Compras; $ 379,50 ;P&A Produce LLC;
;viernes, 18 de abril de 2025;Compras; $ 245,58 ;Del Caribe Meat;
;viernes, 18 de abril de 2025;Compras; $ 661,00 ;Grubmarket - General;
;jueves, 17 de abril de 2025;Compras; $ 1.094,37 ;Wholesale Co;
;viernes, 11 de abril de 2025;Compras; $ 419,17 ;Jetro;
;jueves, 17 de abril de 2025;Compras; $ 1.143,99 ;Wholesale ;
;jueves, 17 de abril de 2025;Compras; $ 573,00 ;Grubmarket - General;
;jueves, 17 de abril de 2025;Compras; $ 48,00 ;ELA Superior Produce ;
;miércoles, 16 de abril de 2025;Compras; $ 452,20 ;Jetro cash;
;miércoles, 16 de abril de 2025;Compras; $ 293,23 ;Goya;
;miércoles, 16 de abril de 2025;Compras; $ 195,78 ;Goya;
;miércoles, 16 de abril de 2025;Compras; $ 98,00 ;P&A Produce LLC;
;martes, 15 de abril de 2025;Compras; $ 70,00 ;BP;
;martes, 15 de abril de 2025;Compras; $ 165,62 ;Goya;
;martes, 15 de abril de 2025;Compras; $ 303,38 ;Goya;
;martes, 15 de abril de 2025;Compras; $ 242,00 ;S&J Global Trading;
;martes, 15 de abril de 2025;Compras; $ 52,00 ;P&A Produce LLC;
;martes, 15 de abril de 2025;Compras; $ 793,00 ;Grubmarket - General;
;martes, 15 de abril de 2025;Compras; $ 200,00 ;Grubmarket - General;
;martes, 15 de abril de 2025;Compras; $ 496,00 ;P&A Produce LLC;
;martes, 15 de abril de 2025;Compras; $ 222,00 ;F&H Dairies;Diferencia $111 con el real de la factura
;martes, 15 de abril de 2025;Compras; $ 406,02 ;Tropical Cheese;
;martes, 15 de abril de 2025;Compras; $ 968,00 ;Distribuidora Quisqueya;
;martes, 15 de abril de 2025;Compras; $ 476,00 ;Reach ALL;
;lunes, 14 de abril de 2025;Compras; $ 50,00 ;La Tortillera;
;lunes, 14 de abril de 2025;Compras; $ 590,50 ;Grubmarket - General;
;lunes, 14 de abril de 2025;Compras; $ 409,00 ;P&A Produce LLC;
;sábado, 12 de abril de 2025;Compras; $ 20,00 ;Fresh Enterprise;
;sábado, 12 de abril de 2025;Compras; $ 417,00 ;P&A Produce LLC;
;sábado, 12 de abril de 2025;Compras; $ 855,00 ;Grubmarket - General;
;sábado, 12 de abril de 2025;Compras; $ 190,00 ;S&J Global Trading;
;jueves, 17 de abril de 2025;Compras; $ 2.258,91 ;Jetro revisada;Revisar con Orlando
;sábado, 19 de abril de 2025;Compras; $ 327,33 ;Jetro     fact  añadida despues;
;viernes, 11 de abril de 2025;Compras; $ 318,00 ;Grubmarket - General;
;viernes, 11 de abril de 2025;Compras; $ 489,00 ;P&A Produce LLC;
;viernes, 11 de abril de 2025;Compras; $ 342,00 ;Distribuidora Quisqueya;
;jueves, 10 de abril de 2025;Compras; $ 255,00 ;;Limon no tiene proveedor
;jueves, 10 de abril de 2025;Compras; $ 114,00 ;F&H Dairies;
;jueves, 10 de abril de 2025;Compras; $ 100,00 ;S&J Global Trading;
;jueves, 10 de abril de 2025;Compras; $ 588,50 ;Grubmarket - General;
;jueves, 10 de abril de 2025;Compras; $ 448,00 ;P&A Produce LLC;
;jueves, 10 de abril de 2025;Compras; $ 72,00 ;Mega Bag;
;jueves, 10 de abril de 2025;Compras; $ 388,94 ;Tropical Cheese;
;martes, 8 de abril de 2025;Compras; $ 27,00 ;Mr. Spong;
;martes, 8 de abril de 2025;Compras; $ 20,00 ;Fresh Enterprise;
;martes, 8 de abril de 2025;Compras; $ 908,00 ;Grubmarket - General;
;martes, 8 de abril de 2025;Compras; $ 561,00 ;Grubmarket - General;
;martes, 8 de abril de 2025;Compras; $ 234,00 ;S&J Global Trading;
;martes, 8 de abril de 2025;Compras; $ 774,50 ;P&A Produce LLC;
;lunes, 21 de abril de 2025;Compras; $ 613,00 ;Jetro;
;lunes, 7 de abril de 2025;Compras; $ 136,00 ;Veloz Foods Distributors;
;jueves, 24 de abril de 2025;Compras; $ 383,83 ;Jetro;
;sábado, 5 de abril de 2025;Compras; $ 128,00 ;Grubmarket - General;
;sábado, 5 de abril de 2025;Compras; $ 60,00 ;S&J Global Trading;
;sábado, 5 de abril de 2025;Compras; $ 541,00 ;Grubmarket - General;
;sábado, 5 de abril de 2025;Compras; $ 31,00 ;P&A Produce LLC;
;sábado, 5 de abril de 2025;Compras; $ 1.030,00 ;P&A Produce LLC;
;sábado, 5 de abril de 2025;Compras; $ 72,00 ;Grubmarket - General;
;viernes, 4 de abril de 2025;Compras; $ 150,00 ;;Data Programming sin Proveedor
;viernes, 4 de abril de 2025;Compras; $ 172,08 ;Del Caribe Meat;
;viernes, 4 de abril de 2025;Compras; $ 602,06 ;Cibao Meat Products;
;viernes, 4 de abril de 2025;Compras; $ 499,00 ;Grubmarket - General;
;viernes, 4 de abril de 2025;Compras; $ 27,00 ;Grubmarket - General;
;lunes, 28 de abril de 2025;Compras; $ 242,72 ;Jetro;
;jueves, 3 de abril de 2025;Compras; $ 242,00 ;;Limon no tiene proveedor
;jueves, 3 de abril de 2025;Compras; $ 560,00 ;P&A Produce LLC;
;jueves, 3 de abril de 2025;Compras; $ 175,00 ;S&J Global Trading;
;jueves, 3 de abril de 2025;Compras; $ 639,00 ;Grubmarket - General;
;jueves, 3 de abril de 2025;Compras; $ 1.540,85 ;KHL Flavors;
;jueves, 3 de abril de 2025;Compras; $ 404,00 ;Distribuidora Quisqueya;
;miércoles, 2 de abril de 2025;Compras; $ 20,00 ;Fresh Enterprise;
;miércoles, 2 de abril de 2025;Compras; $ 146,00 ;Grubmarket - General;
;miércoles, 2 de abril de 2025;Compras; $ 159,00 ;Reach ALL;
;miércoles, 2 de abril de 2025;Compras; $ 582,30 ;Family Food Distributors;
;martes, 1 de abril de 2025;Compras; $ 44,94 ;Walmart;
;martes, 1 de abril de 2025;Compras; $ 94,35 ;BJ'S;
;martes, 1 de abril de 2025;Compras; $ 665,68 ;Walmart;
;martes, 1 de abril de 2025;Compras; $ 150,00 ;La Tortillera;
;martes, 1 de abril de 2025;Compras; $ 246,00 ;S&J Global Trading;
;martes, 1 de abril de 2025;Compras; $ 672,00 ;Grubmarket - General;
;martes, 1 de abril de 2025;Compras; $ 68,00 ;Grubmarket - General;
;martes, 1 de abril de 2025;Compras; $ 690,50 ;P&A Produce LLC;
;jueves, 1 de mayo de 2025;Compras; $ 143,46 ;BJ'S;
;jueves, 1 de mayo de 2025;Compras; $ 899,00 ;Grubmarket - General;
;jueves, 1 de mayo de 2025;Compras; $ 881,20 ;Distribuidora Quisqueya;
;viernes, 2 de mayo de 2025;Compras; $ 564,12 ;Jetro;
;viernes, 2 de mayo de 2025;Compras; $ 505,00 ;Circus Fruit;
;viernes, 2 de mayo de 2025;Compras; $ 20,00 ;Fresh Enterprise;
;viernes, 2 de mayo de 2025;Compras; $ 693,00 ;Grubmarket - General;
;viernes, 2 de mayo de 2025;Compras; $ 35,00 ;S&J Global Trading;
;viernes, 2 de mayo de 2025;Compras; $ 73,00 ;S&J Global Trading;
;sábado, 3 de mayo de 2025;Compras; $ 621,00 ;P&A Produce LLC;
;sábado, 3 de mayo de 2025;Compras; $ 420,00 ;Grubmarket - General;
;lunes, 5 de mayo de 2025;Compras; $ 40,00 ;;Para lo dulce no tiene factura
;lunes, 5 de mayo de 2025;Compras; $ 555,00 ;P&A Produce LLC;
;lunes, 5 de mayo de 2025;Compras; $ 73,00 ;S&J Global Trading;
;lunes, 5 de mayo de 2025;Compras; $ 231,50 ;Grubmarket - General;
;lunes, 5 de mayo de 2025;Compras; $ 182,00 ;AL&C ;
;martes, 6 de mayo de 2025;Compras; $ 1.330,50 ;Circus Fruit;
;martes, 6 de mayo de 2025;Compras; $ 175,50 ;P&A Produce LLC;
;martes, 6 de mayo de 2025;Compras; $ 113,70 ;F&H Dairies;
;martes, 6 de mayo de 2025;Compras; $ 244,44 ;Tropical Cheese;
;jueves, 8 de mayo de 2025;Compras; $ 224,64 ;Jetro;
;jueves, 8 de mayo de 2025;Compras; $ 36,00 ;Mr. Spong;
;jueves, 8 de mayo de 2025;Compras; $ 566,00 ;Grubmarket - General;
;jueves, 8 de mayo de 2025;Compras; $ 583,00 ;P&A Produce LLC;
;jueves, 8 de mayo de 2025;Compras; $ 415,90 ;Distribuidora Quisqueya;
;viernes, 9 de mayo de 2025;Compras; $ 5,00 ;Circus Fruit;
;viernes, 9 de mayo de 2025;Compras; $ 276,00 ;Circus Fruit;
;viernes, 9 de mayo de 2025;Compras; $ 417,50 ;Grubmarket - General;
;viernes, 9 de mayo de 2025;Compras; $ 155,00 ;S&J Global Trading;
;viernes, 9 de mayo de 2025;Compras; $ 676,00 ;P&A Produce LLC;
;viernes, 9 de mayo de 2025;Compras; $ 42,00 ;Grubmarket - General;
;viernes, 9 de mayo de 2025;Compras; $ 72,00 ;Grubmarket - General;
;sábado, 10 de mayo de 2025;Compras; $ 638,71 ;Jetro;
;sábado, 10 de mayo de 2025;Compras; $ 20,00 ;Fresh Enterprise;
;sábado, 10 de mayo de 2025;Compras; $ 759,00 ;Grubmarket - General;
;sábado, 10 de mayo de 2025;Compras; $ 268,50 ;P&A Produce LLC;
;sábado, 10 de mayo de 2025;Compras; $ 42,00 ;Circus Fruit;
;lunes, 12 de mayo de 2025;Compras; $ 39,00 ;P&A Produce LLC;
;lunes, 12 de mayo de 2025;Compras; $ 264,00 ;P&A Produce LLC;
;lunes, 12 de mayo de 2025;Compras; $ 1.658,81 ;Goya;
;lunes, 12 de mayo de 2025;Compras; $ 192,18 ;Goya;
;martes, 13 de mayo de 2025;Compras; $ 343,18 ;Tropical Cheese;
;martes, 13 de mayo de 2025;Compras; $ 152,00 ;Grubmarket - General;
;martes, 13 de mayo de 2025;Compras; $ 824,00 ;P&A Produce LLC;
;miércoles, 14 de mayo de 2025;Compras; $ 55,00 ;La Tortillera;
;miércoles, 14 de mayo de 2025;Compras; $ 905,00 ;Grubmarket - General;
;miércoles, 14 de mayo de 2025;Compras; $ 135,00 ;S&J Global Trading;
;jueves, 15 de mayo de 2025;Compras; $ 94,14 ;Jetro;Cash
;jueves, 15 de mayo de 2025;Compras; $ 130,00 ;;Aguacate no tiene proveedor
;jueves, 15 de mayo de 2025;Compras; $ 449,50 ;P&A Produce LLC;
;jueves, 15 de mayo de 2025;Compras; $ 88,00 ;Grubmarket - General;
;jueves, 15 de mayo de 2025;Compras; $ 319,00 ;Grubmarket - General;
;jueves, 15 de mayo de 2025;Compras; $ 378,40 ;Distribuidora Quisqueya;
;viernes, 16 de mayo de 2025;Compras; $ 303,18 ;Jetro;  fact  añadida despues
;viernes, 16 de mayo de 2025;Compras; $ 289,89 ;Wholesale Co;
;viernes, 16 de mayo de 2025;Compras; $ 64,00 ;Safety First;
;viernes, 16 de mayo de 2025;Compras; $ 350,00 ;P&A Produce LLC;
;viernes, 16 de mayo de 2025;Compras; $ 545,00 ;Grubmarket - General;
;viernes, 16 de mayo de 2025;Compras; $ 401,48 ;Cibao Meat Products;
;sábado, 17 de mayo de 2025;Compras; $ 607,00 ;Circus Fruit;
;sábado, 17 de mayo de 2025;Compras; $ 110,00 ;;No tiene factura
;sábado, 17 de mayo de 2025;Compras; $ 115,80 ;BJ'S;
;sábado, 17 de mayo de 2025;Compras; $ 129,80 ;Primos Bakery Cors;
;sábado, 17 de mayo de 2025;Compras; $ 104,00 ;Grubmarket - General;
;sábado, 17 de mayo de 2025;Compras; $ 188,00 ;S&J Global Trading;
;sábado, 17 de mayo de 2025;Compras; $ 40,00 ;ELA Superior Produce ;
;lunes, 19 de mayo de 2025;Compras; $ 158,00 ;Circus Fruit;
;lunes, 19 de mayo de 2025;Compras; $ 40,00 ;;Dulce de coco no tiene factura
;lunes, 19 de mayo de 2025;Compras; $ 45,00 ;;Limon no tiene proveedor
;lunes, 19 de mayo de 2025;Compras; $ 581,00 ;Grubmarket - General;
;lunes, 19 de mayo de 2025;Compras; $ 72,00 ;P&A Produce LLC;
;lunes, 19 de mayo de 2025;Compras; $ 116,40 ;F&H Dairies;
;lunes, 19 de mayo de 2025;Compras; $ 318,00 ;P&A Produce LLC;
;lunes, 19 de mayo de 2025;Compras; $ 246,41 ;Cordialsa USA;
;martes, 20 de mayo de 2025;Compras; $ 300,00 ;Jetro;Se facturaron 1785 pero el credito solo desconto 300
;martes, 20 de mayo de 2025;Compras; $ 420,00 ;;Aguacate
;martes, 20 de mayo de 2025;Compras; $ 586,00 ;P&A Produce LLC;
;martes, 20 de mayo de 2025;Compras; $ 189,00 ;Grubmarket - General;
;miércoles, 21 de mayo de 2025;Compras; $ 294,50 ;Grubmarket - General;
;miércoles, 21 de mayo de 2025;Compras; $ 360,00 ;P&A Produce LLC;
;miércoles, 21 de mayo de 2025;Compras; $ 837,05 ;Family Food Distributors;
;jueves, 22 de mayo de 2025;Compras; $ 471,30 ;Distribuidora Quisqueya;
;jueves, 22 de mayo de 2025;Compras; $ 115,20 ;Cibao Meat Products;
;jueves, 22 de mayo de 2025;Compras; $ 403,96 ;Wholesale Co;
;jueves, 22 de mayo de 2025;Compras; $ 509,50 ;P&A Produce LLC;
;jueves, 22 de mayo de 2025;Compras; $ 416,00 ;Grubmarket - General;
;jueves, 22 de mayo de 2025;Compras; $ 136,00 ;S&J Global Trading;
;jueves, 22 de mayo de 2025;Compras; $ 58,00 ;P&A Produce LLC;
;jueves, 22 de mayo de 2025;Compras; $ 155,84 ;Jetro;
;jueves, 22 de mayo de 2025;Compras; $ 364,95 ;Jetro;
;viernes, 23 de mayo de 2025;Compras; $ 88,00 ;ELA Superior Produce ;
;viernes, 23 de mayo de 2025;Compras; $ 308,00 ;Mamitas ICES;
;viernes, 23 de mayo de 2025;Compras; $ 396,00 ;Grubmarket - General;
;viernes, 23 de mayo de 2025;Compras; $ 168,00 ;P&A Produce LLC;
;viernes, 23 de mayo de 2025;Compras; $ 369,38 ;Del Caribe Meat;
;viernes, 23 de mayo de 2025;Compras; $ 67,93 ;Jetro;
;viernes, 23 de mayo de 2025;Compras;-$ 25,99 ;Jetro;Devolucion 
;sábado, 24 de mayo de 2025;Compras; $ 526,00 ;Reach ALL;
;sábado, 24 de mayo de 2025;Compras; $ 234,00 ;S&J Global Trading;
;sábado, 24 de mayo de 2025;Compras; $ 46,00 ;P&A Produce LLC;
;sábado, 24 de mayo de 2025;Compras; $ 717,00 ;P&A Produce LLC;
;lunes, 26 de mayo de 2025;Compras; $ 374,00 ;Circus Fruit;
;lunes, 26 de mayo de 2025;Compras; $ 40,00 ;ELA Superior Produce ;
;lunes, 26 de mayo de 2025;Compras; $ 200,00 ;Grubmarket - General;
;lunes, 26 de mayo de 2025;Compras; $ 155,00 ;INP Food;
;martes, 27 de mayo de 2025;Compras; $ 168,39 ;BJ'S;
;martes, 27 de mayo de 2025;Compras; $ 28,00 ;Circus Fruit;
;martes, 27 de mayo de 2025;Compras; $ 320,00 ;;Aguacate no tiene factura
;martes, 27 de mayo de 2025;Compras; $ 615,00 ;P&A Produce LLC;
;martes, 27 de mayo de 2025;Compras; $ 198,00 ;S&J Global Trading;
;martes, 27 de mayo de 2025;Compras; $ 643,00 ;Grubmarket - General;
;martes, 27 de mayo de 2025;Compras; $ 20,00 ;Fresh Enterprise;
;martes, 27 de mayo de 2025;Compras; $ 145,00 ;ELA Superior Produce ;
;miércoles, 28 de mayo de 2025;Compras; $ 40,00 ;;Para lo dulce no tiene factura
;miércoles, 28 de mayo de 2025;Compras; $ 316,00 ;Reach ALL;
;miércoles, 28 de mayo de 2025;Compras; $ 97,00 ;Grubmarket - General;
;jueves, 29 de mayo de 2025;Compras; $ 129,00 ;;Magdalena - Factura no tiene proveedor
;jueves, 29 de mayo de 2025;Compras; $ 764,00 ;P&A Produce LLC;
;jueves, 29 de mayo de 2025;Compras; $ 102,00 ;F&H Dairies;
;jueves, 29 de mayo de 2025;Compras; $ 237,00 ;Grubmarket - General;
;jueves, 29 de mayo de 2025;Compras; $ 190,00 ;S&J Global Trading;
;jueves, 29 de mayo de 2025;Compras; $ 330,30 ;Tropical Cheese;
;jueves, 29 de mayo de 2025;Compras; $ 34,00 ;ELA Superior Produce ;
;jueves, 29 de mayo de 2025;Compras; $ 398,65 ;Distribuidora Quisqueya;
;viernes, 30 de mayo de 2025;Compras; $ 70,00 ;BP;
;viernes, 30 de mayo de 2025;Compras; $ 631,00 ;P&A Produce LLC;
;viernes, 30 de mayo de 2025;Compras; $ 46,65 ;F&H Dairies;
;viernes, 30 de mayo de 2025;Compras; $ 465,00 ;Grubmarket - General;
;viernes, 30 de mayo de 2025;Compras; $ 40,00 ;ELA Superior Produce ;
;sábado, 31 de mayo de 2025;Compras; $ 105,00 ;S&J Global Trading;
;sábado, 31 de mayo de 2025;Compras; $ 66,00 ;Grubmarket - General;
;sábado, 31 de mayo de 2025;Compras; $ 939,00 ;P&A Produce LLC;
;sábado, 31 de mayo de 2025;Compras; $ 38,00 ;P&A Produce LLC;
;martes, 3 de junio de 2025;Compras; $ 330,00 ;Mamitas ICES;
;martes, 3 de junio de 2025;Compras; $ 1.021,00 ;Grubmarket - General;
;martes, 3 de junio de 2025;Compras; $ 1.345,20 ;JETRO;
;martes, 3 de junio de 2025;Compras; $ 330,00 ;Mamitas ICES;
;martes, 3 de junio de 2025;Compras; $ 80,00 ;E.L.A.;
;martes, 3 de junio de 2025;Compras; $ 30,00 ;P&A Produce LLC;
;martes, 3 de junio de 2025;Compras; $ 52,00 ;Grubmarket - General;
;martes, 3 de junio de 2025;Compras; $ 80,00 ;E.L.A.;
;martes, 3 de junio de 2025;Compras; $ 244,00 ;S&J Global Trading;
;martes, 3 de junio de 2025;Compras; $ 281,10 ;Tropical Cheese;
;martes, 3 de junio de 2025;Compras; $ 244,00 ;S&J Global Trading;
;martes, 3 de junio de 2025;Compras; $ 38,00 ;Grubmarket - General;
;martes, 3 de junio de 2025;Compras; $ 592,00 ;P&A Produce LLC;
;martes, 3 de junio de 2025;Compras; $ 281,00 ;Tropical Cheese;Cheque
;jueves, 5 de junio de 2025;Compras; $ 1.345,00 ;Jetro;
;jueves, 5 de junio de 2025;Compras; $ 518,68 ;Jetro;
;jueves, 5 de junio de 2025;Compras; $ 48,00 ;Grubmarket - General;
;jueves, 5 de junio de 2025;Compras; $ 396,00 ;Grubmarket - General;
;jueves, 5 de junio de 2025;Compras; $ 382,00 ;Distribuidora Quisqueya;
;jueves, 5 de junio de 2025;Compras; $ 628,00 ;P&A Produce LLC;
;jueves, 5 de junio de 2025;Compras; $ 382,00 ;Distribuidora Quisqueya;
;viernes, 6 de junio de 2025;Compras; $ 40,00 ;Lydia Dulces;Sin Factura
;viernes, 6 de junio de 2025;Compras; $ 100,00 ;Watermelon;Sin Factura
;viernes, 6 de junio de 2025;Compras; $ 40,00 ;Dulce Diana;
;viernes, 6 de junio de 2025;Compras; $ 100,00 ;Watermelon;
;viernes, 6 de junio de 2025;Compras; $ 194,00 ;S&J Global Trading;
;viernes, 6 de junio de 2025;Compras; $ 180,00 ;F.H.Diaries;
;viernes, 6 de junio de 2025;Compras; $ 428,50 ;Grubmarket - General;
;viernes, 6 de junio de 2025;Compras; $ 584,00 ;P&A Produce LLC;
;viernes, 6 de junio de 2025;Compras; $ 180,00 ;F&H Dairies;
;viernes, 6 de junio de 2025;Compras; $ 194,00 ;S&J Global Trading;
;sábado, 7 de junio de 2025;Compras; $ 48,89 ;BJ'S;
;sábado, 7 de junio de 2025;Compras; $ 762,00 ;Circus Fruit;
;sábado, 7 de junio de 2025;Compras; $ 48,89 ;BJ'S;
;sábado, 7 de junio de 2025;Compras; $ 170,00 ;S&J Global Trading;
;sábado, 7 de junio de 2025;Compras; $ 762,00 ;Circus Fruit;
;sábado, 7 de junio de 2025;Compras; $ 170,00 ;S&J Global Trading;
;sábado, 7 de junio de 2025;Compras; $ 159,00 ;P&A Produce LLC;
;sábado, 7 de junio de 2025;Compras; $ 267,00 ;Grubmarket - General;
;lunes, 9 de junio de 2025;Compras; $ 430,00 ;Circus Fruit;
;lunes, 9 de junio de 2025;Compras; $ 83,00 ;INP Food;
;lunes, 9 de junio de 2025;Compras; $ 165,00 ;La Tortillera;
;lunes, 9 de junio de 2025;Compras; $ 12,00 ;P&A Produce LLC;
;lunes, 9 de junio de 2025;Compras; $ 430,00 ;Circus Fruit;
;lunes, 9 de junio de 2025;Compras; $ 165,00 ;La Tortillera;
;lunes, 9 de junio de 2025;Compras; $ 83,00 ;INP Food;
;lunes, 9 de junio de 2025;Compras; $ 143,00 ;P&A Produce LLC;
;lunes, 9 de junio de 2025;Compras; $ 196,00 ;Grubmarket - General;
;miércoles, 11 de junio de 2025;Compras; $ 300,00 ;Mamitas ICES;
;martes, 10 de junio de 2025;Compras; $ 345,00 ;Circus Fruit;
;martes, 10 de junio de 2025;Compras; $ 31,00 ;Lydia Dulces;
;martes, 10 de junio de 2025;Compras; $ 136,00 ;E.L.A.;
;martes, 10 de junio de 2025;Compras; $ 398,00 ;S&J Global Trading;
;martes, 10 de junio de 2025;Compras; $ 754,00 ;Grubmarket - General;
;martes, 10 de junio de 2025;Compras; $ 345,00 ;Circus Fruit;
;martes, 10 de junio de 2025;Compras; $ 136,00 ;E.L.A.;
;martes, 10 de junio de 2025;Compras; $ 398,00 ;S&J Global Trading;
;martes, 10 de junio de 2025;Compras; $ 646,00 ;P&A Produce LLC;
;viernes, 13 de junio de 2025;Compras; $ 20,00 ;Fresh Enterprise;
;miércoles, 11 de junio de 2025;Compras; $ 345,00 ;Grubmarket - General;
;miércoles, 11 de junio de 2025;Compras; $ 300,00 ;Mamitas ICES;
;miércoles, 11 de junio de 2025;Compras; $ 1.521,00 ;K.H.L FLAVORS;
;viernes, 13 de junio de 2025;Compras; $ 335,38 ;Distribuidora Quisqueya;
;viernes, 13 de junio de 2025;Compras; $ 526,46 ;Cibao Meat Products;
;jueves, 12 de junio de 2025;Compras; $ 407,00 ;P&A Produce LLC;
;jueves, 12 de junio de 2025;Compras; $ 203,94 ;Tropical Cheese;
;jueves, 12 de junio de 2025;Compras; $ 115,80 ;BJ'S;
;jueves, 12 de junio de 2025;Compras; $ 556,12 ;AAA;
;jueves, 12 de junio de 2025;Compras; $ 1.693,84 ;JETRO;
;jueves, 12 de junio de 2025;Compras; $ 437,00 ;Grubmarket - General;
;jueves, 12 de junio de 2025;Compras; $ 52,00 ;P&A Produce LLC;
;viernes, 13 de junio de 2025;Compras; $ 104,00 ;Grubmarket - General;
;viernes, 13 de junio de 2025;Compras; $ 20,00 ;Fresh Enterprise;
;viernes, 13 de junio de 2025;Compras; $ 335,38 ;Distribuidora Quisqueya;
;viernes, 13 de junio de 2025;Compras; $ 526,46 ;Cibao Meat Products;
;viernes, 13 de junio de 2025;Compras; $ 784,00 ;P&A Produce LLC;
;viernes, 13 de junio de 2025;Compras; $ 140,00 ;P&A Produce LLC;
;jueves, 12 de junio de 2025;Compras; $ 203,94 ;Tropical Cheese;
;sábado, 14 de junio de 2025;Compras; $ 1.025,00 ;P&A Produce LLC;
;sábado, 14 de junio de 2025;Compras; $ 40,00 ;S&J Global Trading;
;sábado, 14 de junio de 2025;Compras; $ 369,00 ;Grubmarket - General;
;sábado, 14 de junio de 2025;Compras; $ 78,00 ;P&A Produce LLC;
;sábado, 14 de junio de 2025;Compras; $ 40,00 ;S&J Global Trading;
;domingo, 15 de junio de 2025;Compras; $ 146,00 ;Bakery corp;
;sábado, 14 de junio de 2025;Compras; $ 400,50 ;Cibao Meat Products;
;sábado, 14 de junio de 2025;Compras; $ 40,00 ;S&J Global Trading;
;miércoles, 11 de junio de 2025;Compras; $ 300,00 ;Mamitas ICES;
;martes, 10 de junio de 2025;Compras; $ 345,00 ;Circus Fruit;
;martes, 10 de junio de 2025;Compras; $ 31,00 ;Lydia Dulces;
;martes, 10 de junio de 2025;Compras; $ 136,00 ;E.L.A.;
;martes, 10 de junio de 2025;Compras; $ 398,00 ;S&J Global Trading;
;viernes, 13 de junio de 2025;Compras; $ 20,00 ;Fresh Enterprise;
;lunes, 16 de junio de 2025;Compras; $ 227,51 ;Goya;
;lunes, 16 de junio de 2025;Compras; $ 165,62 ;Goya;
;lunes, 16 de junio de 2025;Compras; $ 1.895,43 ;Goya;
;martes, 17 de junio de 2025;Compras; $ 20,00 ;CUBE ICES;
;martes, 17 de junio de 2025;Compras; $ 954,00 ;Grubmarket - General;
;martes, 17 de junio de 2025;Compras; $ 558,50 ;P&A Produce LLC;
;martes, 17 de junio de 2025;Compras; $ 93,90 ;F.H Dairies;
;martes, 17 de junio de 2025;Compras; $ 118,00 ; E.L.A PRODUCE;
;martes, 17 de junio de 2025;Compras; $ 177,77 ;JETRO;
;martes, 17 de junio de 2025;Compras; $ 143,00 ;S&J Global Trading;
;miércoles, 18 de junio de 2025;Compras; $ 361,00 ;P&A Produce LLC;
;jueves, 19 de junio de 2025;Compras; $ 435,00 ;Circus Fruit;
;jueves, 19 de junio de 2025;Compras; $ 866,00 ;Grubmarket - General;
;jueves, 19 de junio de 2025;Compras; $ 717,50 ;P&A Produce LLC;
;sábado, 21 de junio de 2025;Compras; $ 1.223,00 ;P&A Produce LLC;
;sábado, 21 de junio de 2025;Compras; $ 207,00 ;Grubmarket - General;
;sábado, 21 de junio de 2025;Compras; $ 186,00 ;P&A Produce LLC;
;sábado, 21 de junio de 2025;Compras; $ 40,00 ;S&J Global Trading;
;sábado, 21 de junio de 2025;Compras; $ 628,00 ;Distribuidora Quisqueya;
;lunes, 23 de junio de 2025;Compras; $ 510,00 ;Mamitas ICES;
;lunes, 23 de junio de 2025;Compras; $ 90,93 ;AAA;
;lunes, 23 de junio de 2025;Compras; $ 467,99 ;JETRO;
;lunes, 23 de junio de 2025;Compras; $ 103,00 ;Terminal Produce;
;lunes, 23 de junio de 2025;Compras; $ 603,00 ;Grubmarket - General;
;lunes, 23 de junio de 2025;Compras; $ 603,00 ;Grubmarket - General;
;martes, 24 de junio de 2025;Compras; $ 177,00 ;Circus Fruit;
;martes, 24 de junio de 2025;Compras; $ 551,00 ;Grubmarket - General;
;martes, 24 de junio de 2025;Compras; $ 724,00 ;P&A Produce LLC;
;martes, 24 de junio de 2025;Compras; $ 85,00 ;S&J Global Trading;
;miércoles, 25 de junio de 2025;Compras; $ 30,00 ;CUBE ICE;
;miércoles, 25 de junio de 2025;Compras; $ 228,15 ;Family food;
;miércoles, 25 de junio de 2025;Compras; $ 35,30 ;Family food;
;jueves, 26 de junio de 2025;Compras; $ 382,00 ;Circus Fruit;
;jueves, 26 de junio de 2025;Compras; $ 812,00 ;Grubmarket - General;
;jueves, 26 de junio de 2025;Compras; $ 40,00 ;S&J Global Trading;
;jueves, 26 de junio de 2025;Compras; $ 468,00 ;tropical;
;viernes, 27 de junio de 2025;Compras; $ 64,00 ;Circus Fruit;
;viernes, 27 de junio de 2025;Compras; $ 842,00 ;Grubmarket - General;
;;;;;
;viernes, 27 de junio de 2025;Compras; $ 168,80 ;Distribuidora Quisqueya;
;sábado, 28 de junio de 2025;Compras; $ 514,00 ;Circus Fruit;
;sábado, 28 de junio de 2025;Compras; $ 787,00 ;Grubmarket - General;
;sábado, 28 de junio de 2025;Compras; $ 135,00 ;S&J Global Trading;
;sábado, 28 de junio de 2025;Compras; $ 610,00 ;P&A Produce LLC;
;sábado, 28 de junio de 2025;Compras; $ -   ;BJS;
;martes, 1 de julio de 2025;Compras; $ 175,00 ;AAA;
;martes, 1 de julio de 2025;Compras; $ 1.003,00 ;JETRO;
;martes, 1 de julio de 2025;Compras; $ 176,00 ;Grubmarket - General;
;martes, 1 de julio de 2025;Compras; $ 20,00 ;FRESH ENERPRISE;
;martes, 1 de julio de 2025;Compras; $ 716,00 ;Grubmarket - General;
;martes, 1 de julio de 2025;Compras; $ 906,00 ;P&A Produce LLC;
;martes, 1 de julio de 2025;Compras; $ 130,00 ;S&J Global Trading;
2/07/2025;miércoles, 2 de julio de 2025;Compras; $ 420,00 ;MAMITA I ICE;
2/07/2025;jueves, 3 de julio de 2025;Compras; $ 555,86 ;JETRO;
2/07/2025;jueves, 3 de julio de 2025;Compras; $ 187,00 ;WHOSALE CO;
2/07/2025;jueves, 3 de julio de 2025;Compras; $ 443,18 ;CIBAO MEAT;
2/07/2025;jueves, 3 de julio de 2025;Compras; $ 328,22 ;CARIBE MEAT INC;
2/07/2025;sábado, 5 de julio de 2025;Compras; $ 40,00 ;CUBE ICE;
2/07/2025;sábado, 5 de julio de 2025;Compras; $ 608,00 ;Grubmarket - General;
2/07/2025;sábado, 5 de julio de 2025;Compras; $ 15,00 ;Grubmarket - General;
2/07/2025;sábado, 5 de julio de 2025;Compras; $ 705,00 ;P&A Produce LLC;
2/07/2025;sábado, 5 de julio de 2025;Compras; $ 20,00 ; TERMINAL MARKET;
2/07/2025;lunes, 7 de julio de 2025;Compras; $ 110,00 ;LA TORILLERA;
2/07/2025;martes, 8 de julio de 2025;Compras; $ 82,45 ;BJS;
2/07/2025;martes, 8 de julio de 2025;Compras; $ 16,88 ;WALMART;
2/07/2025;martes, 8 de julio de 2025;Compras; $ 48,23 ;WALMART;
2/07/2025;martes, 8 de julio de 2025;Compras; $ 184,50 ;F&H DAIRIES;10 PROPINA
2/07/2025;martes, 8 de julio de 2025;Compras; $ 1.050,00 ;Grubmarket - General;
2/07/2025;martes, 8 de julio de 2025;Compras; $ 1.146,00 ;P&A Produce LLC;
2/07/2025;miércoles, 9 de julio de 2025;Compras; $ 835,00 ;Grubmarket - General;
2/07/2025;miércoles, 9 de julio de 2025;Compras; $ 60,00 ;P&A Produce LLC;
2/07/2025;miércoles, 9 de julio de 2025;Compras; $ 312,00 ;Grubmarket - General;15 PROPINA
2/07/2025;jueves, 10 de julio de 2025;Compras; $ 771,00 ;Grubmarket - General;
2/07/2025;jueves, 10 de julio de 2025;Compras; $ 81,00 ;Grubmarket - General;
2/07/2025;jueves, 10 de julio de 2025;Compras; $ 734,00 ;P&A Produce LLC;15 PROPINA
2/07/2025;jueves, 10 de julio de 2025;Compras; $ 110,00 ;E.LA;
2/07/2025;jueves, 10 de julio de 2025;Compras; $ 55,00 ;S&J Global Trading;
2/07/2025;jueves, 10 de julio de 2025;Compras; $ 243,00 ;TROPICAL;
2/07/2025;jueves, 10 de julio de 2025;Compras; $ 2.070,05 ;K.H.L.FLAVORS,INC;
;jueves, 10 de julio de 2025;Compras; $ 695,00 ;JETRO;
;jueves, 10 de julio de 2025;Compras; $ 510,92 ;Distribuidora Quisqueya;
;jueves, 10 de julio de 2025;Compras; $ 181,50 ;VELOZ FOODS DISTRIBUITORS;
2/07/2025;viernes, 11 de julio de 2025;Compras; $ 98,00 ;Circus Fruit;20 Propina
2/07/2025;viernes, 11 de julio de 2025;Compras; $ 1.010,00 ;Grubmarket - General;
2/07/2025;viernes, 11 de julio de 2025;Compras; $ 654,00 ;P&A Produce LLC;
2/07/2025;viernes, 11 de julio de 2025;Compras; $ 58,50 ;Atlantic;
2/07/2025;martes, 15 de julio de 2025;Compras; $ 275,80 ;AAA;
2/07/2025;martes, 15 de julio de 2025;Compras; $ 818,06 ;JETRO;
2/07/2025;martes, 15 de julio de 2025;Compras; $ 54,02 ;BJS;
2/07/2025;martes, 15 de julio de 2025;Compras; $ 1.174,00 ;Grubmarket - General;
2/07/2025;martes, 15 de julio de 2025;Compras; $ 155,00 ;S&J Global Trading;
2/07/2025;martes, 15 de julio de 2025;Compras; $ 68,00 ;P&A Produce LLC;
2/07/2025;martes, 15 de julio de 2025;Compras; $ 26,00 ;P&A Produce LLC;
2/07/2025;martes, 15 de julio de 2025;Compras; $ 98,10 ;DAIRIES;
2/07/2025;martes, 15 de julio de 2025;Compras; $ 30,00 ;Grubmarket - General;
2/07/2025;martes, 15 de julio de 2025;Compras; $ 277,00 ;Grubmarket - General;
2/07/2025;martes, 15 de julio de 2025;Compras; $ 1.622,00 ;P&A Produce LLC;
2/07/2025;jueves, 17 de julio de 2025;Compras; $ 189,00 ;TROPICAL;
2/07/2025;viernes, 18 de julio de 2025;Compras; $ 160,61 ;TOP WHOSALE;
2/07/2025;viernes, 18 de julio de 2025;Compras; $ 968,00 ;Grubmarket - General;
2/07/2025;viernes, 18 de julio de 2025;Compras; $ 63,50 ;Goya;
2/07/2025;viernes, 18 de julio de 2025;Compras; $ 1.390,00 ;P&A Produce LLC;
2/07/2025;viernes, 18 de julio de 2025;Compras; $ 477,80 ;Distribuidora Quisqueya;
2/07/2025;viernes, 18 de julio de 2025;Compras; $ 448,38 ;JETRO;
2/07/2025;viernes, 18 de julio de 2025;Compras; $ 179,00 ;P&A Produce LLC;
2/07/2025;viernes, 18 de julio de 2025;Compras; $ 130,00 ;S&J Global Trading;
2/07/2025;viernes, 18 de julio de 2025;Compras; $ 69,01 ;JETRO;se pago con una T.C personal
2/07/2025;sábado, 19 de julio de 2025;Compras; $ 132,00 ;S&J Global Trading;
2/07/2025;sábado, 19 de julio de 2025;Compras; $ 341,00 ;P&A Produce LLC;70.00 Propina
2/07/2025;sábado, 19 de julio de 2025;Compras; $ 260,00 ;Grubmarket - General;
2/07/2025;sábado, 19 de julio de 2025;Compras; $ 577,00 ;Grubmarket - General;
2/07/2025;lunes, 21 de julio de 2025;Compras; $ 55,00 ;LA TORILLERA;se pago con una T.C personal
2/07/2025;lunes, 21 de julio de 2025;Compras; $ 1.080,00 ;Goya;
2/07/2025;lunes, 21 de julio de 2025;Compras; $ 85,52 ;Goya; 
2/07/2025;lunes, 21 de julio de 2025;Compras; $ 244,97 ;Goya;
45840;martes, 22 de julio de 2025;Compras; $ 385,39 ;AAA;
45840;martes, 22 de julio de 2025;Compras; $ 568,00 ;JETRO;
45840;martes, 22 de julio de 2025;Compras; $ 468,00 ;Circus Fruit;
45840;martes, 22 de julio de 2025;Compras; $ 1.020,50 ;P&A Produce LLC;
45840;martes, 22 de julio de 2025;Compras; $ 92,00 ;Grubmarket - General;
45840;martes, 22 de julio de 2025;Compras; $ 960,00 ;LA TORILLERA;se pago con una T.C personal
;martes, 22 de julio de 2025;; $ 327,53 ;TROPICAL;
45840;miércoles, 23 de julio de 2025;Compras; $ 20,00 ;FRESH ENTERRPRISE;
45840;miércoles, 23 de julio de 2025;Compras; $ 144,00 ;P&A Produce LLC;
45840;miércoles, 23 de julio de 2025;Compras; $ 130,00 ;S&J Global Trading;
45840;miércoles, 23 de julio de 2025;Compras; $ 726,00 ;Grubmarket - General;
45840;miércoles, 23 de julio de 2025;Compras; $ 320,00 ;P&A Produce LLC;
45840;viernes, 25 de julio de 2025;Compras; $ 1.265,00 ;Grubmarket - General;
45840;viernes, 25 de julio de 2025;Compras; $ 120,00 ;Grubmarket - General;
45840;viernes, 25 de julio de 2025;Compras; $ 64,00 ;Grubmarket - General;
45840;viernes, 25 de julio de 2025;Compras; $ 723,00 ;P&A Produce LLC;
45840;viernes, 25 de julio de 2025;Compras; $ 320,72 ;Cibao Meat Products;
45840;viernes, 25 de julio de 2025;Compras; $ 366,80 ;Distribuidora Quisqueya;
45840;viernes, 25 de julio de 2025;Compras; $ 211,00 ;AL&C Trading;
45840;viernes, 25 de julio de 2025;Compras; $ 337,50 ;K.H.L FLAVORS;
45840;sábado, 26 de julio de 2025;Compras; $ 450,00 ;Mamitas ICES;
45840;sábado, 26 de julio de 2025;Compras; $ 320,00 ;Grubmarket - General;
45840;domingo, 27 de julio de 2025;Compras; $ 1.220,00 ;tono products;
45840;lunes, 28 de julio de 2025;Compras; $ 1.264,00 ;tono products;
45840;martes, 29 de julio de 2025;Compras; $ 792,00 ;P&A Produce LLC;
45840;martes, 29 de julio de 2025;Compras; $ 36,00 ;Grubmarket - General;
45840;martes, 29 de julio de 2025;Compras; $ 256,00 ;Grubmarket - General;
45840;martes, 29 de julio de 2025;Compras; $ 18,00 ;Grubmarket - General;
45840;martes, 29 de julio de 2025;Compras; $ 1.231,00 ;Grubmarket - General;
45840;martes, 29 de julio de 2025;Compras; $ 54,00 ;Circus Fruit;
45840;martes, 29 de julio de 2025;Compras; $ 625,41 ;WALMART;
45840;martes, 29 de julio de 2025;Compras; $ 346,68 ;WALMART;
45840;martes, 29 de julio de 2025;Compras; $ 504,84 ;WALMART;
45840;martes, 29 de julio de 2025;Compras; $ 10,78 ;WALMART;
45840;martes, 29 de julio de 2025;Compras; $ 1.375,57 ;JETRO;
45840;martes, 29 de julio de 2025;Compras; $ 435,62 ;BJS;
45840;martes, 29 de julio de 2025;Compras; $ 50,00 ;CUBE ICE;
45840;martes, 29 de julio de 2025;Compras; $ 236,75 ;tropical;
45840;martes, 29 de julio de 2025;Compras; $ 1.231,00 ;Grubmarket - General;
45840;viernes, 1 de agosto de 2025;Compras; $ 61,28 ;JETRO;
45840;viernes, 1 de agosto de 2025;Compras; $ 635,30 ;Distribuidora Quisqueya;
45840;lunes, 4 de agosto de 2025;Compras; $ 110,00 ;LA TORILLERA;
45840;lunes, 4 de agosto de 2025;Compras; $ 35,00 ;INP Food;
45840;lunes, 4 de agosto de 2025;Compras; $ 527,00 ;P&A Produce LLC;
45840;lunes, 4 de agosto de 2025;Compras; $ 339,00 ;Grubmarket - General;
45840;martes, 5 de agosto de 2025;Compras; $ 10,00 ;CUBE ICE;
45840;martes, 5 de agosto de 2025;Compras; $ 288,00 ;Grubmarket - General;
45840;martes, 5 de agosto de 2025;Compras; $ 342,00 ;P&A Produce LLC;
45840;martes, 5 de agosto de 2025;Compras; $ 188,00 ;S&J Global Trading;
;martes, 5 de agosto de 2025;Compras; $ 528,62 ;TROPICAL;
45840;miércoles, 6 de agosto de 2025;Compras; $ 510,00 ;Mamitas ICES;
45840;miércoles, 6 de agosto de 2025;Compras; $ 470,00 ;Grubmarket - General;
45840;miércoles, 6 de agosto de 2025;Compras; $ 429,00 ;P&A Produce LLC;
45840;jueves, 7 de agosto de 2025;Compras; $ 219,00 ;Circus Fruit;
45840;jueves, 7 de agosto de 2025;Compras; $ 442,00 ;Grubmarket - General;
45840;jueves, 7 de agosto de 2025;Compras; $ 40,00 ;Grubmarket - General;
45840;jueves, 7 de agosto de 2025;Compras; $ 105,00 ;S&J Global Trading;
45840;jueves, 7 de agosto de 2025;Compras; $ 881,00 ;P&A Produce LLC;
45840;viernes, 8 de agosto de 2025;Compras; $ 335,90 ;Distribuidora Quisqueya;
;sábado, 9 de agosto de 2025;Compras; $ 140,00 ;Circus Fruit;
45840;sábado, 9 de agosto de 2025;Compras; $ 540,00 ;Grubmarket - General;
45840;sábado, 9 de agosto de 2025;Compras; $ 23,00 ;S&J Global Trading;
;martes, 12 de agosto de 2025;Compras; $ 564,00 ;P&A Produce LLC;
;martes, 12 de agosto de 2025;Compras; $ 23,00 ;P&A Produce LLC;
;martes, 12 de agosto de 2025;Compras; $ 102,00 ;S&J Global Trading;
;martes, 12 de agosto de 2025;Compras; $ 22,00 ;Grubmarket - General;
12/08/2025;martes, 12 de agosto de 2025;Compras; $ 304,00 ;Grubmarket - General;
45840;miércoles, 13 de agosto de 2025;Compras; $ 157,40 ;FAMily food;
45840;miércoles, 13 de agosto de 2025;Compras; $ 52,80 ;FAMily food;
45840;jueves, 14 de agosto de 2025;Compras; $ 187,00 ;PRIMO BAKERY;
45840;jueves, 14 de agosto de 2025;Compras; $ 954,00 ;P&A Produce LLC;
45840;jueves, 14 de agosto de 2025;Compras; $ 37,50 ;Grubmarket - General;
45840;jueves, 14 de agosto de 2025;Compras; $ 146,00 ;S&J Global Trading;
45840;jueves, 14 de agosto de 2025;Compras; $ 773,00 ;Grubmarket - General;
45840;jueves, 14 de agosto de 2025;Compras; $ 308,96 ;TROPICAL;
45840;viernes, 15 de agosto de 2025;Compras; $ 1.169,10 ;JETRO;
45840;viernes, 15 de agosto de 2025;Compras; $ 303,00 ;JETRO;
45840;viernes, 15 de agosto de 2025;Compras; $ 138,00 ;INP Food;
45840;viernes, 15 de agosto de 2025;Compras; $ 459,50 ;P&A Produce LLC;
45840;viernes, 15 de agosto de 2025;Compras; $ 420,00 ;S&J Global Trading;
45840;viernes, 15 de agosto de 2025;Compras; $ 377,80 ;Distribuidora Quisqueya;
45840;viernes, 15 de agosto de 2025;Compras; $ 434,90 ;CIBAO MEAT;
45840;viernes, 15 de agosto de 2025;Compras; $ 1.048,80 ;K.H.L FLAVORS;
45840;viernes, 15 de agosto de 2025;Compras; $ 123,90 ;WHOSALE CO;
45840;viernes, 15 de agosto de 2025;Compras; $ 434,50 ;AL&C Trading bolsas; 
45840;sábado, 16 de agosto de 2025;Compras; $ 32,00 ;Circus Fruit;
45840;sábado, 16 de agosto de 2025;Compras; $ 187,00 ;S&J Global Trading;
45840;sábado, 16 de agosto de 2025;Compras; $ 569,00 ;P&A Produce LLC;
45840;sábado, 16 de agosto de 2025;Compras; $ 175,00 ;Grubmarket - General;  
45840;domingo, 17 de agosto de 2025;Compras; $ 20,00 ;CUBE ICE;
45840;lunes, 18 de agosto de 2025;Compras; $ 822,00 ;Grubmarket - General;
45840;lunes, 18 de agosto de 2025;Compras; $ 210,00 ;S&J Global Trading;
45840;lunes, 18 de agosto de 2025;Compras; $ 994,00 ;P&A Produce LLC;
45840;lunes, 18 de agosto de 2025;Compras; $ 192,58 ;Goya;
45840;lunes, 18 de agosto de 2025;Compras; $ 80,10 ;Goya;
45840;martes, 19 de agosto de 2025;Compras; $ 747,44 ;Goya;
;martes, 19 de agosto de 2025;Compras; $ 320,00 ;SEVERINO;
;martes, 19 de agosto de 2025;Compras; $ 507,00 ;P&A Produce LLC;
;martes, 19 de agosto de 2025;Compras; $ 166,00 ;F&H DAIRIES;
;martes, 19 de agosto de 2025;Compras; $ 335,00 ;S&J Global Trading;
;martes, 19 de agosto de 2025;Compras; $ 361,00 ;Grubmarket - General;
;martes, 19 de agosto de 2025;Compras; $ 20,00 ;SEVERINO;
45840;miércoles, 20 de agosto de 2025;Compras; $ 68,00 ;ENRIQUE;
45840;miércoles, 20 de agosto de 2025;Compras; $ 65,00 ;P&A Produce LLC;
45840;miércoles, 20 de agosto de 2025;Compras; $ 224,00 ;Grubmarket - General;
45840;miércoles, 20 de agosto de 2025;Compras; $ 272,10 ;Del Caribe Meat;
45840;jueves, 21 de agosto de 2025;Compras; $ 403,50 ;P&A Produce LLC;
45840;jueves, 21 de agosto de 2025;Compras; $ 120,00 ;S&J Global Trading;
45840;jueves, 21 de agosto de 2025;Compras; $ 535,00 ;Grubmarket - General; 
45840;viernes, 22 de agosto de 2025;Compras; $ 67,47 ;BJS;
45840;viernes, 22 de agosto de 2025;Compras; $ 33,27 ;BJS;
45840;viernes, 22 de agosto de 2025;Compras; $ 1.578,56 ;JETRO;
45840;viernes, 22 de agosto de 2025;Compras; $ 18,00 ;M.SPRAY;  
45840;viernes, 22 de agosto de 2025;Compras; $ 30,00 ;ENRIQUE;
45840;viernes, 22 de agosto de 2025;Compras; $ 143,00 ;S&J Global Trading;
45840;viernes, 22 de agosto de 2025;Compras; $ 462,00 ;Grubmarket - General;
45840;viernes, 22 de agosto de 2025;Compras; $ 717,00 ;P&A Produce LLC;
45840;viernes, 22 de agosto de 2025;Compras; $ 301,80 ;Distribuidora Quisqueya;
45840;lunes, 25 de agosto de 2025;Compras; $ 194,70 ;WALMART;
;lunes, 25 de agosto de 2025;Compras; $ 15,47 ;WALMART;
45840;sábado, 23 de agosto de 2025;Compras; $ 143,00 ;S&J Global Trading;
45840;sábado, 23 de agosto de 2025;Compras; $ 561,00 ;P&A Produce LLC;
45840;lunes, 25 de agosto de 2025;Compras; $ 141,55 ;PRIMO BAKERY;
45840;lunes, 25 de agosto de 2025;Compras; $ 495,00 ;Grubmarket - General;
45840;lunes, 25 de agosto de 2025;Compras; $ 82,50 ;F&H DAIRIES; 
45840;lunes, 25 de agosto de 2025;Compras; $ 26,00 ;MEGA BAG;
45840;lunes, 25 de agosto de 2025;Compras; $ 243,47 ;CORDIALISA;
45840;martes, 26 de agosto de 2025;Compras; $ 20,00 ;FRESH ENTERRPRISE;
45840;martes, 26 de agosto de 2025;Compras; $ 396,00 ;Grubmarket - General;  
45840;martes, 26 de agosto de 2025;Compras; $ 118,00 ;S&J Global Trading;
45840;martes, 26 de agosto de 2025;Compras; $ 925,00 ;P&A Produce LLC;
45840;miércoles, 27 de agosto de 2025;Compras; $ 85,44 ;JETRO;
45840;miércoles, 27 de agosto de 2025;Compras; $ 26,00 ;Circus Fruit;
45840;miércoles, 27 de agosto de 2025;Compras; $ 76,00 ;ENRIQUE;
45840;miércoles, 27 de agosto de 2025;Compras; $ 268,00 ;Grubmarket - General;
45840;miércoles, 27 de agosto de 2025;Compras; $ 551,90 ;FAMily food;
45840;miércoles, 27 de agosto de 2025;Compras; $ 303,27 ;Del Caribe Meat;
45840;miércoles, 27 de agosto de 2025;Compras; $ 453,50 ;TROPICAL;
45840;miércoles, 27 de agosto de 2025;Compras; $ 565,00 ;P&A Produce LLC; 
45840;miércoles, 27 de agosto de 2025;Compras; $ 156,00 ;S&J Global Trading;
45840;miércoles, 27 de agosto de 2025;Compras; $ 76,00 ;P&A Produce LLC;
45840;miércoles, 27 de agosto de 2025;Compras; $ 268,00 ;Grubmarket - General;
45840;viernes, 29 de agosto de 2025;Compras; $ 50,00 ;CUBE ICE;  
45840;viernes, 29 de agosto de 2025;Compras; $ 368,24 ;JETRO;
45840;viernes, 29 de agosto de 2025;Compras; $ 650,00 ;P&A Produce LLC;
45840;viernes, 29 de agosto de 2025;Compras; $ 816,00 ;Grubmarket - General;
45840;viernes, 29 de agosto de 2025;Compras; $ 38,00 ;S&J Global Trading;
45840;viernes, 29 de agosto de 2025;Compras; $ 241,46 ;WHOSALE CO;
45840;viernes, 29 de agosto de 2025;Compras; $ 315,80 ;Distribuidora Quisqueya;
45840;sábado, 30 de agosto de 2025;Compras; $ 384,00 ;CEVERINO;
45840;sábado, 30 de agosto de 2025;Compras; $ 23,00 ;Grubmarket - General;
