"UPC","Item","Department","Quantity on Hand","Total Cost"
"10213810","Artificial vanilla flavor","General Food","6",""
"23000025","Chees puffs","Snacks","11",""
"36120000","EGGS EXTRA LARGE.","Deli","30",""
"39969262","Sour cream","Deli","6",""
"50029501","Valles andino","General Food","4",""
"52628498","Goya adobo all purpose","General Food","8",""
"72192511","Dove invidible dru","Hygiene","3",""
"74105397","Viro Grip","Vitamins/Medicine","13",""
"74105403","Vi_grip PM","Vitamins/Medicine","21",""
"98779987","Gomenol","Vitamins/Medicine","54",""
"000856003033","Rompe Pecho DM Cough Suppressant / Expectorant","Vitamins/Medicine","0",""
"000856301054","Rompe Pecho NT Noche Severa","Vitamins/Medicine","3",""
"000856301061","Rompe Pecho Expectorant","Vitamins/Medicine","2",""
"000856351554","Rompe pecho flu multisintoma","Vitamins/Medicine","1",""
"000856351608","DM Rompe Pechito Niños","Vitamins/Medicine","1",""
"009800802203","Nutella Ferrero Hazelnut Spread With Cocoa","General Food","3",""
"009800830039","Nutella biscuits","Snacks","0",""
"009800895007","Nutella","General Food","0",""
"010900000154","Reynolds Wrap Aluminum Foil:Aluminum Foil","Household","12",""
"010900000246","Reynolds Wrap Aluminum Foil:Heavy Duty","Household","16",""
"010900000406","Reynolds Wrap Aluminum Foil","Household","6",""
"010900005104","Reynolds Turkey Size","Misc.","9",""
"012000001130","Pepsi Cola","Drinks","-2",""
"012000001291","Pepsi Cola","Drinks","-5",""
"012000001314","Mountain Dew","Drinks","4",""
"012000003691","Lipton Brisk Lemon","Drinks","4",""
"012000004100","Starbucks Frappuccino Vanilla","Drinks","12",""
"012000004520","Starbucks Frappuccino Mocha","Drinks","7",""
"012000005688","Pepsi","Drinks","-89",""
"012000006494","Starbucks Frappuccino Mocha","Drinks","-7",""
"012000007590","Lipton Brisk Lemon","General Food","-10",""
"012000202377","Lipton Brisk Lemon","Drinks","5",""
"012005005713","Pink Zote Soap","Hygiene","14",""
"012005005737","Zote White Laundry Soap","Hygiene","23",""
"012044000274","Old Spice High Endurance Pure Sport Scent Men's Deodorant","Hygiene","2",""
"012587000700","Glad","Household","5",""
"012587000809","Glad Quick-Tie Trash Bags Large 30 Gallon","Household","3",""
"012957100016","Salsa Huichol Hot Sauce","General Food","5",""
"013000001243","Heinz Tomato Ketchup","General Food","-8",""
"013000008129","Heinz: Apple Cider Vinegar","General Food","33",""
"013000008143","Heinz:Apple Cider","General Food","10",""
"013000008525","Heinz Distilled White Vinegar","Produce","18",""
"013000008549","Heinz Distilled White Vinegar","General Food","12",""
"013000013093","Mayochup","General Food","5",""
"013300601334","Funfetti","General Food","0",""
"013700006142","Hefty Ultra Flex:Large Drawstring 30 Gallon","Household","0",""
"014100043706","MILANO COOKIE","Snacks","4",""
"014800000320","Mott's Apple Juice","Drinks","14",""
"014800000344","Mott's Original","Drinks","-6",""
"014800000405","Clamato","Drinks","9",""
"014800002294","Motts Juice Original, 100%, Apple","Drinks","5",""
"014800003604","Clamato Tomato Cocktail","Drinks","3",""
"014800582048","ReaLime Lime Juice","General Food","2",""
"014800582239","ReaLemon: 100% Lemon Juice Concentrate","General Food","4",""
"014800582260","ReaLemon:from Concentrate","General Food","2",""
"015414541216","Walkerswood: Jamaican Jerk Seasoning Hot & Spicy","General Food","1",""
"015900002115","Bar S:Jumbo Franks","General Food","7",""
"016000106109","Gold Medal:All-Purpose Flour","General Food","0",""
"016000107106","Gold Medal:Enriched Bleached Pre-Sifted Flour, All-Purpose","General Food","5",""
"016000169630","Creat chocolate chip","General Food","5",""
"016000169678","LUCKY CHARMS","General Food","1",""
"016000169692","Reeses","General Food","3",""
"016000171138","CINNAMON TOAST CRUNCH","General Food","-1",""
"016000207592","Super Moist","General Food","1",""
"016000207684","fudge","General Food","6",""
"016000458307","Betty Crocker:Frosting, Vanilla","General Food","2",""
"016000459007","Betty Crocker :Milk Chocolate","General Food","2",""
"016229106102","Foco:Sugar Cane Juice","Drinks","14",""
"016229901141","Foco Coconut Juice","Drinks","-9",""
"016229901158","Foco: Tamarind Juice","Drinks","20",""
"016229901479","Foco Coconut Juice","Drinks","-7",""
"016229903534","Foco Soursop Juice","Drinks","6",""
"016229905835","Foco Tamarind Juice","Drinks","-9",""
"016229908515","foco coco","Drinks","24",""
"017400102456","CAROLINA RICE","General Food","-4",""
"017400111694","Carolina Enriched Extra Long Grain Rice","General Food","2",""
"017600043214","Bruce's Cut Sweet Potatoes In Syrup Yams","General Food","2",""
"019800707668","Windex","Cleaning","2",""
"019900338021","Davis Baking Powder","General Food","4",""
"020100000069","Beach Cliff Sarines","General Food","62",""
"021000000142","Kraft Philadelphia Regular","Dairy","-1",""
"021000026326","Kraft Mayo:Real Mayonnaise","General Food","0",""
"021000033720","Mac &chesse","General Food","1",""
"021000052288","Kraft: Original BBQ Sauce & Dip","General Food","10",""
"021000052332","Kraft Barbecue Sauce Thick & Spicy","General Food","10",""
"021000052424","Kraft Sweet Brown Sugar","General Food","1",""
"021000068661","Sweet Teriyaki","General Food","2",""
"021000612239","Kraft Philadelphia:Original","Deli","1",""
"021000615261","Kraft:American","Deli","0",""
"021000615278","Kraft Singles:White American 24 Ct","General Food","3",""
"021000615315","Kraft:100% Grated","General Food","2",""
"021000615421","Kraft:100% Grated","General Food","11",""
"021000658831","Kraft:Original","General Food","26",""
"021000658862","Kraft Deluxe - Original Cheddar","General Food","3",""
"022652191493","Parrot Coconut Milk","General Food","13",""
"023400016020","Soft Scrub:W/Bleach","Cleaning","0",""
"024000162865","Del Monte Fresh Cut:Blue Lake","General Food","0",""
"024000162896","Del Monte Fresh Cut:Blue Lake","General Food","20",""
"024000162971","Del Monte Fresh Cut:with Natural Sea Salt","General Food","3",""
"024000163015","Del Monte Fresh Cut:Cream Style","General Food","25",""
"024000163022","Del Monte Fresh Cut Golden Sweet","General Food","9",""
"024000167044","Del Monte Fruit Cocktail","General Food","8",""
"024000167198","Del Monte:Yellow Cling In Extra Light Syrup","Produce","13",""
"024000167297","Del Monte Sliced Pears","General Food","2",""
"024000248866","Del monte Deluxe pineaple","General Food","6",""
"024100106851","Cheez-It:Original","Snacks","5",""
"024100122615","Cheez-It Baked Snack Crackers","Snacks","0",""
"024100124725","CHEEZ IT CHEESY TACO","Snacks","2",""
"024286150716","GLOBULO ROJO JARABE 16 fl. oz.","Vitamins/Medicine","1",""
"024286154653","DLC ACEITE DE EUCALIPTO 2 fl. oz.","Vitamins/Medicine","2",""
"024286191009","aloe vera cream","Vitamins/Medicine","4",""
"024300808388","Honey bun","Snacks","0",""
"024300865411","Little Debbie Iced Honey Bun","Snacks","0",""
"024600010511","Morton Salt","General Food","24",""
"024600010535","Morton Iodized Salt","General Food","-1",""
"024600011945","Himalayan pink sal","General Food","0",""
"024600017022","Morton Coarse Kosher Salt","General Food","8",""
"025000019708","Minute Maid Premium Strawberry Lemonade","Drinks","5",""
"025000044984","LEMONADE","Drinks","-9",""
"025000047695","Minute Maid Premium:Tropical Punch","Drinks","0",""
"025000047725","Minute Maid Premium Fruit Punch","Drinks","3",""
"025000048111","Minute Maid:Watermelon","Drinks","4",""
"025000058868","Minute Maid Pink Lemonade","Drinks","-6",""
"025293001497","silk almond 30 cal","Dairy","0",""
"025700003885","Ziploc Freezer Bag (Set of 20)","Household","6",""
"025700011323","Ziploc:2 Gallon - Heavy Duty","Misc.","0",""
"026700159916","Coconut oil","General Food","2",""
"027000311431","Parkay Whipped Vegetable Oil","Dairy","1",""
"027000388112","Hunt's:Tomato Paste","General Food","17",""
"027000388150","Hunt's Tomato Paste","General Food","14",""
"027000388273","Hunt's:Tomato Paste","General Food","12",""
"027000389843","Hunt's Tomamto Paste","General Food","14",""
"027000390146","Hunt's :Tomato Sauce","General Food","32",""
"027000390238","Hunt's:Tomatoes Sauce","General Food","0",""
"027000690611","Wesson Pure 100% Natural","General Food","0",""
"027246101001","Jamaican Choice Coconut Milk","Produce","13",""
"027568009009","Tropical:100% Natural Cheese, Longhorn Style Cheddar Cheese","Dairy","0",""
"027568009306","Tropical:100% Natural Cheese, Sharp Cheddar","Dairy","14",""
"027568010357","Tropical Queso blanco","Deli","6",""
"027568010500","Tropical Imitation Pasteurized American Cheese Slices","Deli","19",""
"027568011354","Queso defreir","Dairy","0",""
"027568018049","Tropical Fresh White Cheese","Dairy","9",""
"027568018070","Tropical Fresh White For Frying Cheese","Dairy","10",""
"027568019107","Tropical Queso de Freir Dominicano","Dairy","6",""
"027568020073","Tropical Queso Blanco","Dairy","11",""
"027568021070","Tropical Queso De Freir","Dairy","20",""
"027568025726","TROP QUESO FRSC CNTR","Dairy","7",""
"027568028253","TROP QUESCO FRESCO","Dairy","5",""
"027568032144","Tropical Grated Cotija","Dairy","5",""
"027568033424","Tropicana Tropical Passion Fruit Drinkable Yogurt","Drinks","-1",""
"027568034957","Tropical Mozzarella Sliced Cheese","General Food","9",""
"027568035077","Tropical queso de papa blanco","Dairy","8",""
"027568038221","TROPICAL string cheese","Dairy","0",""
"027568038405","Tropical Mozzarella Cheese","Dairy","12",""
"027568038627","Cheese","Dairy","12",""
"027568040507","Tropical Mozzarella Cheese","Dairy","11",""
"027568051954","Tropical Crema Centroamericana","Deli","18",""
"027568060277","Tropical Chorizo Columbiano","General Food","10",""
"027568060284","TROPICAL CHORIZO MEXICANO","Deli","9",""
"027568060345","La Fe Tropical Salami","General Food","11",""
"027568061205","Cooked Ham","Produce","6",""
"027568070405","Tropical vacalao","General Food","37",""
"027568095286","Tropica'","General Food","13","$45.37"
"027568095453","Tropical Flour Tortillas Burrito Size","Deli","14",""
"027568095859","Tortillas burritos","General Food","12",""
"027800073577","Sugar wafer strawberry","Snacks","1",""
"028000105112","Maggi","General Food","5",""
"028000157852","Nestle Abuelita:Authentic Mexican","General Food","4",""
"028000231750","Nesquik","Drinks","6",""
"028000244606","Nestle Nesquik Strawberry","General Food","5",""
"028000245009","Nestle Nesquik Chocolate","General Food","2",""
"028000276393","Nesquik Protein Chocolate","Drinks","0",""
"028000332846","Maggi","General Food","26",""
"028000395360","Maggi","General Food","19",""
"028000453879","Nesquik strawberry","General Food","6",""
"028000462987","Nescafe:Clasico Pure","General Food","3",""
"028000466312","Nescafe:Original","General Food","1",""
"028000467012","Nescafe Clasico","General Food","4",""
"028000469429","Nescafe Clasico Pure","General Food","3",""
"028000511159","Beef Flavor Granulated Bouillon","General Food","9",""
"028000515751","Nestle Nesquik Strawberry Low Fat Milk","Drinks","2",""
"028000517205","Nestle Media Crema","General Food","16",""
"028000517809","La Lechera:Sweetened Condensed Milk","General Food","0",""
"028000518868","La Lechera:Dulce De Leche","General Food","4",""
"028000537838","Nesquik","General Food","-3",""
"028000542313","Nescafe:Decaf","General Food","5",""
"028000658755","Maggi","General Food","3",""
"028000659615","Magi","General Food","41","$12.39"
"028000703196","Maggi:Chicken Flavor","General Food","8",""
"028000803193","Maggi:Chicken Flavor","General Food","2",""
"028000878153","P arroz","General Food","0",""
"028000888947","Sopa casera vegetales","General Food","14",""
"028000896256","Nestle Nesquik Vanilla Low Fat Milk","Drinks","6",""
"028000956233","Maggie res con fideos","General Food","19",""
"028400002561","Cheetos:Puffs","Snacks","30",""
"028400003001","Lay's:Barbecue","Snacks","4",""
"028400003919","Lay's:Salt & Vinegar","Snacks","2",""
"028400008617","Lay's:Barbecue","Snacks","50",""
"028400014236","Smartfood:White Cheddar","Candy","46",""
"028400021203","Ruffles queso","Snacks","17",""
"028400040112","Cheetos Crunchy:Cheese Flavored Snacks","Snacks","31",""
"028400048026","Sun Chips:Garden Salsa","Snacks","4",""
"028400069298","Doritos:Spicy Sweet Chili","Snacks","47",""
"028400085298","Cracker Jack Popcorn & Peanuts Caramel Coated","Snacks","11",""
"028400090094","Lay's:Salt & Vinegar","Snacks","48",""
"028400090179","Ruffles:Cheddar & Sour Cream","Snacks","42",""
"028400090858","Lays Classic Potato Chips","Snacks","40",""
"028400090896","Doritos:Nacho Cheese","Snacks","27",""
"028400091510","Doritos Cool Ranch:Tortilla Chips","General Food","49",""
"028400091565","Lay's:Classic","Snacks","1",""
"028400239080","Lay's Wavy","Snacks","-1",""
"028400260343","Grandma's","Snacks","4",""
"029000016088","Planters:Halves & Pieces Lightly Salted","Produce","5","$49.45"
"029000016651","Planters:Mixed","Snacks","3","$26.67"
"029000017931","Planters:Salted Peanuts","General Food","-7",""
"029000017948","Planters Honey Roasted Peanuts","General Food","9",""
"029000017955","Planters Salted Cashews","Snacks","7",""
"029000072121","Planters:Cocktail","General Food","2",""
"029200001365","Cocoa sobrino","General Food","2",""
"030000010204","Quaker Oats 100% Whole Grain - Old Fashioned","General Food","11",""
"030000011805","Quaker Oats 100% Whole Grain - Quick 1 Minute","General Food","8",""
"030000650707","Pearl original","General Food","0",""
"030000652909","Pearl milling company original complete","General Food","3",""
"030000653005","Pearl Milling Butter milk pancake mix","General Food","2",""
"030000655504","Pearl milling company","General Food","2",""
"030000659700","Syrup","General Food","5",""
"030100100553","Town House Original Crackers","Snacks","5",""
"030100100577","Keebler Club Original Crackers","Snacks","1",""
"030100129776","Club sweet haway","Snacks","5",""
"030772037089","Crest","Hygiene","1",""
"030772107287","Mr.clean lavander","Cleaning","6",""
"030772191477","Buonty","Hygiene","3",""
"030772191484","Bounty","Cleaning","10",""
"031146150601","Nong Shim:Gourmet Spicy","General Food","3",""
"031146250103","Nong Shim:Hot & Spicy","General Food","11",""
"031146262571","Nong Shim:Spicy Chicken","General Food","7",""
"031200009906","Ocean Spray Cranberry Juice","Drinks","-18",""
"031200009913","Ocean Spray Cranberry Grape Juice Drink","Drinks","-1",""
"031200200075","Ocean Spray Cramberry","Drinks","-2",""
"032100086301","Sara Lee Small Pound Cake","Snacks","17",""
"032100086363","Sara Lee Corn Muffin","Snacks","0",""
"033200011101","Arm & Hammer Pure Baking Soda","General Food","1",""
"033383110011","Oranges","Produce","-1",""
"033383536101","Wada Farms:Idaho Potatoes","Produce","-56",""
"033383536507","bolsa de papas 10lbs","General Food","-33",""
"033383600017","Onions Yellow Bag","Produce","-184",""
"033383601014","Gold Crown Red Onions","Produce","-243",""
"033383650203","Dole Fresh Vegetables:Head","General Food","-137",""
"033383801070","Mentas fresca","Produce","10",""
"033844000066","Badia Onion Powder 2.75 oz","General Food","8",""
"033844000073","Badia Ground Cumin","General Food","1",""
"033844000080","Badia: Complete Seasoning","General Food","-3",""
"033844000097","Badia: Oregano","General Food","4",""
"033844000110","Badia Paprika","General Food","-1",""
"033844000158","Badia Cinnamon Powder","General Food","6",""
"033844001018","Badia: Complete Seasoning","General Food","0",""
"033844001070","Crushed Red Pepper","General Food","9",""
"033844002008","Badia: Curry Powder","General Food","7",""
"033844002244","Badia:Cayenne Pepper","General Food","13",""
"033844002503","Badia Organic Turmeric","General Food","0",""
"033844003791","BADIA adobo with sazon","General Food","9",""
"033844003999","Spink himalays","General Food","2",""
"033844004484","Badia Ground Black Pepper","General Food","15",""
"033844004897","Badia:Black Pepper, Grinder","General Food","4",""
"033844004910","Badia Himalayan Salt Grinder","General Food","2",""
"033844006501","Badia:Marinade, Mojo","General Food","6",""
"034000002405","Hershey's Milk Chocolate","Candy","2",""
"034000002412","Hershey's Milk Chocolate with Almonds","Snacks","-24",""
"034000002467","Kit Kat","Candy","1",""
"034500632027","Land O'Lakes:Half & Half","Deli","0",""
"035000510860","Colgate Triple Action","Hygiene","0",""
"035000510969","Colgate Baking Soda","Vitamins/Medicine","1",""
"035000531056","Fabuloso Lavender All-purpose Cleaner","Cleaning","17",""
"036200002186","Ragú: Double Cheddar","General Food","2",""
"036200002506","Ragu Old World Style:Traditional","General Food","5",""
"036200004005","Ragu Old World Style Marina Smooth","General Food","3",""
"036200013755","Ragu Six Cheese Robusto","General Food","3",""
"036200219294","Bertolli:with Aged Parmesan Cheese","General Food","3",""
"036200219300","Bertolli Sauce:Mushroom w/Portobello Mushrooms","General Food","1",""
"036200219348","Bertolli:Vodka Sauce","General Food","5",""
"036200378151","Ragu Hearty Traditional Sauce","Produce","0",""
"037000003106","Regular Cavity Protection","Hygiene","3",""
"037000003823","Crest Sparkle Fun Kids","Hygiene","4",""
"037000680987","Secret pawder","Hygiene","3",""
"037000956600","Crest Scope","Hygiene","4",""
"037000983477","Always Maxi","Hygiene","5",""
"037071400019","Buena Ventura Filetes de Abadejo Salado","Deli","23",""
"037100042135","Libby's:Sweet Peas","General Food","2",""
"037297914475","Maseca:Instant Corn Masa Flour","General Food","10",""
"037600110723","Skippy Peanut Butter - Chunky","General Food","8",""
"037600110754","Skippy Peanut Butter Creamy","General Food","6",""
"037600138727","Spam Classic","General Food","18",""
"037600223188","Hormel with Beans","General Food","5",""
"037600241939","Hormel:No Beans","General Food","0",""
"038000001208","Kellogg's Corn Flakes","General Food","1",""
"038000138416","Pringles Original","Snacks","3",""
"038000138430","Pringles:Sour Cream & Onion","Snacks","9",""
"038000138577","Pringles: Cheddar Cheese","Snacks","-3",""
"038000138720","Pringles Ranch","Snacks","1",""
"038000169113","pizza pringles","Snacks","6",""
"038000183713","PRNGL BARBEQUE","Snacks","-1",""
"038000200038","Rice Krispies","General Food","2",""
"038000272264","Pringles Elote","Snacks","2",""
"038000293160","Chip","Snacks","1",""
"038000293764","Chips","Snacks","0",""
"038000301902","Pringles","Snacks","2",""
"038000302633","Chip","Snacks","0",""
"038000304989","PRINGLES CHEDDAR  & SOUR CREAM","Snacks","2",""
"038000635304","Kellogg's Froot Loops","Snacks","6",""
"038000635700","Kellogg's Frosted Flakes","Snacks","5",""
"038000845246","Pringles","Snacks","-8",""
"038000845253","Pringles Sour Cream & Onion Flavored Potato Crisps","Snacks","7",""
"038000845260","Pringles Cheddar Cheese Flavored Potato Crisps","Snacks","8",""
"038000848940","Salt & Vinegar Flavored Potato Crisps","Snacks","12",""
"038000863509","Apple Jacks","Snacks","4",""
"038900001438","Dole Pineapple Slices In Heavy Syrup","General Food","9",""
"038900008116","Dole  pineaple coconut mix","Drinks","10",""
"038900009632","Dole 100% Juice Pineapple Paradise","Drinks","-10",""
"038900038632","DOLE PINEAPLE","Drinks","10",""
"039000018920","Ortega:Original Medium","General Food","2",""
"039000085687","Libby's:Corned Beef Hash","General Food","4",""
"039000086639","Libby's: Vienna Sausage","General Food","18",""
"039000086691","Libbys Chicken Vienna Sausage In Chicken Broth","General Food","16",""
"039222000024","Mutilitsky Grade a Extra  Large Eggs","Deli","-51",""
"040100007295","instant Dry YeastFleischmann'a","General Food","0",""
"040811070502","Molina:Vanillin Extract, Vanilla","General Food","12",""
"041000002878","Lipton Beverage 100% Natural","General Food","3",""
"041000003011","Lipton Soups:Extra Noodle w/Real Chicken Broth 2 Ct","General Food","8",""
"041000003240","Lipton Soups Noodle w/Real Chicken","General Food","-7",""
"041000003325","Lipton Soups:Chicken Noodle w/Diced White Chicken Meat 2 Ct","General Food","6",""
"041000006739","Lipton","General Food","8",""
"041000022463","Knorr Pasta Sides:Chicken","General Food","4",""
"041000366406","Salsa lizano","General Food","8",""
"041143024508","Sun-Maid:Natural California","General Food","21",""
"041143120101","Sun-Maid Natural California Raisins","General Food","-8",""
"041143299081","Prunes California Pitted Dried Plum","General Food","7",""
"041167008836","icyHot","Vitamins/Medicine","2",""
"041192100192","Frosted flakes","General Food","1",""
"041192100239","Apple jacks","General Food","0",""
"041192102431","Raisin bran cereal","General Food","1",""
"041294973267","Pinesol Original Multi-Surface Cleaner","Household","0",""
"041321005701","Wishbone Ranch Dressing","General Food","2",""
"041321006029","Wish-Bone Chunky Blue Cheese Dressing","General Food","-2",""
"041321006265","Italian dressing","General Food","7",""
"041321006289","Wish-bone Robusto Italian Dressing","General Food","2",""
"041321006487","Wish Bone House Italian Salad Dressing","General Food","0",""
"041321006555","Wish Bone Deluxe French Dressing","General Food","5",""
"041321009785","Wishbone Balsamic Vinaigrette Dressing","General Food","0",""
"041331011037","Goya Olive Oil - Spanish - Extra Virgin","General Food","14","$46.06"
"041331011051","Goya Extra Virgin Olive Oil","General Food","16",""
"041331011082","Goya Extra Virgin Olive Oil","General Food","5",""
"041331012294","Goya Corn Oil","General Food","17",""
"041331012317","Goya Corn Oil","General Food","8",""
"041331012379","Goya Pure Vegetable Oil","General Food","7",""
"041331012393","Goya Vegetable Oil Soybean Oil","General Food","3",""
"041331012508","Goya Canola Oil","Household","2",""
"041331013192","Goya Cocktail Olives, Spanish Olives, Pitted Manzanilla","General Food","0",""
"041331013758","Goya:Capers, Spanish","General Food","16",""
"041331014175","Goya:Manzanilla Olives, Pimientos & Capers, Pitted","General Food","6",""
"041331014311","Goya:Manzanilla Olives, Pimientos & Capers","General Food","11",""
"041331014656","Goya Alcaparrado, Manzanilla Olives, Pimientos & Capers","General Food","11",""
"041331014670","Goya Manzanilla Olives","General Food","20","$59.80"
"041331014694","Goya Manzanilla Spanish Olives","General Food","24",""
"041331014779","Goya Salad Olives, Pitted Manzanilla, Olives & Pimientos","General Food","24",""
"041331020039","Goya Green Pigeon Peas","General Food","0",""
"041331020053","Goya: Green Pigeon Peas w/ Coconut","General Food","28","$89.32"
"041331020091","Organic pigeon peas","General Food","16",""
"041331020527","Goya Small Red Beans in Sauce","General Food","9",""
"041331020558","Goya Pink Beans in Sauce","General Food","8","$17.52"
"041331020626","Goya Pinto Beans in Sauce","General Food","7",""
"041331020671","Goya Black Bean Soup","General Food","25",""
"041331021463","Goya Sofrito","General Food","20",""
"041331021524","Goya Recaito Cilantro Cooking Base","General Food","21",""
"041331021630","COCO GOYA","General Food","12",""
"041331021647","Goya Coconut Milk","General Food","12",""
"041331021685","Goya:Coconut Milk","General Food","4",""
"041331022736","Goya golden corn","General Food","15",""
"041331023306","Red kidney","General Food","10",""
"041331023429","Goya Black Beans","General Food","17",""
"041331024006","Goya Red Kidney Beans","General Food","12",""
"041331024112","Goya Pink Beans","General Food","2",""
"041331024150","Goya Roman Beans","General Food","12",""
"041331024174","Goya Small Red Beans","General Food","7",""
"041331024198","Goya Chick Peas","General Food","7",""
"041331024297","Goya Blackeye Peas, Premium","General Food","12",""
"041331024426","Goya Pinto Beans","General Food","18",""
"041331024655","Goya Black Beans","General Food","13",""
"041331024709","habichuelas blancas","General Food","17",""
"041331024716","Goya Red Kidney Beans","General Food","30",""
"041331024723","Goya Pinto Beans","General Food","16",""
"041331024730","Goya Baby Lima Beans","General Food","40",""
"041331024747","Goya Blackeye Peas","General Food","35",""
"041331024754","Goya Whole Green Peas","General Food","-17",""
"041331024761","Goya Lentils","General Food","-32",""
"041331024778","Goya Pink Beans","General Food","17",""
"041331024785","Chick Peas","General Food","-9",""
"041331024792","Goya Black Beans","General Food","18",""
"041331024808","Goya Dominican Red Beans","General Food","-6",""
"041331024815","Goya Lima Beans","General Food","11",""
"041331024822","Goya Pigeon Peas","General Food","24",""
"041331024839","Goya Roman Beans","General Food","8",""
"041331024914","Goya Yellow Spilt Peas","General Food","-16",""
"041331024921","Goya Yellow Popcorn","General Food","0",""
"041331024945","Goya Barley","General Food","11",""
"041331024952","Goya Canary Beans","General Food","14",""
"041331024976","Goya:White Hominy Corn","General Food","20",""
"041331024983","Goya Golden Hominy Corn","General Food","-4",""
"041331024990","Goya White Corn","General Food","17",""
"041331025027","Goya 16 Bean Soup Mix","General Food","19",""
"041331025034","Goya Central American Red Beans","General Food","14",""
"041331025416","paella goya","General Food","5",""
"041331025980","Goya White Hominy","General Food","6",""
"041331026178","Goya Thai Jasmine Rice","General Food","2",""
"041331026208","Goya:Thai Jasmine Rice","General Food","1",""
"041331026215","Brown Rice","General Food","5",""
"041331026222","Goya Rice Jasmine Thai 2 lb","General Food","8",""
"041331026260","Golden Canilla:Enriched Long Grain Parboiled Rice","General Food","1",""
"041331026314","Golden Canilla:Enriched Long Grain Parboiled Rice","General Food","0",""
"041331026321","Canilla Extra Long Grain Rice","General Food","45",""
"041331026338","Canilla:Enriched Rice, Extra Long Grain","General Food","3",""
"041331026345","Canilla Enriched Extra Long Grain White Rice","General Food","0",""
"041331026352","Canilla Rice","General Food","1",""
"041331026376","Canilla:Rice, Enriched, Extra Long Grain","General Food","13",""
"041331026383","Canilla Enriched Rice, Extra Long Grain","General Food","1",""
"041331027632","Goya aplle","Drinks","16",""
"041331027786","Goya Coconut Water","Drinks","-15",""
"041331027823","Goya:Pineapple Juice from Concentrate","General Food","11",""
"041331027854","Goya Coconut Water","Drinks","9",""
"041331027878","Goya Coconut Water","Drinks","-22",""
"041331028455","Goya Diced Chiles","General Food","21",""
"041331028745","Goya:Chipotle Peppers, in Adobe Sauce","General Food","3",""
"041331028899","Goya:Salsa Verda, Medium","General Food","10","$37.90"
"041331028912","Goya:Salsa Pico de Gallo, Mild","General Food","0",""
"041331029711","Goya Sugar Cane Brown, Panela","General Food","0",""
"041331030519","Goya Bitter Orange","General Food","3",""
"041331030601","Goya Marinade, Mojo Criollo","General Food","3",""
"041331030618","Goya Mojo Criollo","General Food","3",""
"041331030632","Goya Marinade from Concentrate, Bitter Orange","General Food","2",""
"041331030830","Goya Guava Paste","General Food","0",""
"041331032001","Goya:Honey, Pure","General Food","19",""
"041331032063","Goya Honey w/ Comb","General Food","11",""
"041331034012","Goya:Lard, Refined","General Food","16",""
"041331036139","Goya Sardines in Tomato Sauce","General Food","16",""
"041331036153","Goya Sardines in Tomato Sauce","General Food","58",""
"041331036177","Goya Sardines in Tomato Sauce, in Hot Sauce","General Food","23",""
"041331036375","Goya: Octopus in Olive Oil","General Food","11",""
"041331037204","GOYA CHILIN","General Food","24",""
"041331037341","Sal Kosher","General Food","0",""
"041331037761","Goya: Seasoning w/ Coriander & Annatto","General Food","10",""
"041331037778","Sazón Goya: Seasoning w/ Saffron","General Food","14",""
"041331037785","Goya: Seasoning w/o Annatto","General Food","9",""
"041331037792","Goya:Sazon, Econo Pak","General Food","16",""
"041331037822","Sanzon Goya","General Food","23",""
"041331037846","Goya: Seasoning w/ Saffron","General Food","30",""
"041331037877","La Vina Red Cooking Wine","General Food","2",""
"041331038027","Goya Sazonador Total","General Food","6",""
"041331038041","Goya:Cooking Wine, Dry White","General Food","3",""
"041331038058","Goya Cooking Wine, Red Wine","General Food","10",""
"041331038089","Goya Cooking Wine","General Food","12",""
"041331038225","Goya Adobo","General Food","17",""
"041331038270","Goya: All Purpose Seasoning with Pepper","General Food","10",""
"041331038287","Goya Adobo with Pepper","General Food","0",""
"041331038294","Goya Adobo without Pepper","General Food","8",""
"041331038300","Goya:All Purpose Seasoning without Pepper","General Food","13",""
"041331038430","Goya:All Purpose Seasoning","General Food","10",""
"041331038447","Goya All Purpose Seasoning","General Food","11",""
"041331038904","Gota Sea Salt","General Food","0",""
"041331039123","Goya:Garlic, Minced","General Food","6",""
"041331039284","Goya Fancy Pimientos","General Food","18",""
"041331039314","Goya Apple Cider Vinegar","General Food","14",""
"041331039338","Goya Apple Cider Vinegar","General Food","9",""
"041331039352","Goya Destilled White Vinegar","General Food","-2",""
"041331039376","Goya White Vinegar, Distilled","General Food","-20",""
"041331039383","Goya Destilled Vinegar","General Food","0",""
"041331039420","Goya:Soda Crackers","Snacks","1",""
"041331039536","Goya Tomato Sauce Spanish Style","General Food","2",""
"041331039550","Goya:Chocolate, Sweet","General Food","7",""
"041331039611","Goya: Tomato Sauce","General Food","38",""
"041331039635","Goya Tomato Sauce","General Food","19",""
"041331039680","Goya:Sliced Peaches in Heavy Syrup","General Food","11",""
"041331039697","Goya Paste, Tomato","General Food","20",""
"041331039710","Goya Fidelini","General Food","14",""
"041331039734","Goya Fidelini","General Food","11",""
"041331039758","Goya Angel Hair, Enriched","General Food","1",""
"041331039765","Goya Angel Hair","General Food","20",""
"041331039857","Goya Malta","Drinks","-29",""
"041331039956","Goya craker soda","Snacks","2","$16.98"
"041331040075","Malta Goya","Drinks","20",""
"041331047111","Platain chips","General Food","1",""
"041331049429","Goya Maria Cookies","Snacks","23",""
"041331049436","Goya Maria Cookies","Snacks","0",""
"041331049474","Goya Palmeritas","Snacks","2","$2.98"
"041331049672","Goya Palmeritas","Snacks","4",""
"041331049689","Goya Chocalate marias cookies","Snacks","-18",""
"041331049696","Goya Maria Cookies Chocolate","Snacks","1",""
"041331049900","Goya Maria Cookies Sugar Free","Snacks","7","$16.73"
"041331050234","Goya Natural Sugar","General Food","7","$31.43"
"041331050241","GOYA TURBINADO SUGAR","General Food","0",""
"041331050579","Goya Quinua Seeds","General Food","2",""
"041331050777","Goya Enriched White Corn Meal Masarepa","General Food","19",""
"041331050784","Goya:Yellow Corn Meal, Enriched","General Food","3",""
"041331050807","Goya:Bulgar Wheat, Coarse","General Food","0",""
"041331050937","Goya:Tapioca Starch","General Food","11",""
"041331050999","Goya Corn Meal, Coarse Yellow","General Food","13",""
"041331051002","Goya:Fine Yellow Corn Meal","General Food","0",""
"041331051040","Goya Wheat Flour, Enriched","General Food","-2",""
"041331051064","Harina de arroz","General Food","13",""
"041331059275","Tri-Color Quinoa","General Food","6",""
"041331059299","CHIA A NATURAL SUPER GRAIN","General Food","1",""
"041331064323","Goya carnaval strawberry","Snacks","8",""
"041331064330","Carnabal chocolate","Snacks","10",""
"041331074759","Arina pan molido","General Food","9",""
"041331074766","pan molido goya","General Food","6",""
"041331090469","Goya:Ripe Plantains","Frozen","8",""
"041331090476","Goya:Fried Plantains","Frozen","0",""
"041331090513","Goya Cassava Yuca","Frozen","2",""
"041331090520","Goya Yuca Cassava","Frozen","4",""
"041331090599","Goya Corn On The Cob","Frozen","13",""
"041331090605","Goya Discos Para Empanadas","Frozen","17",""
"041331090742","Goya Mixed Vegetables","Frozen","1",""
"041331090797","Goya Fruta Coconut","Frozen","4",""
"041331090940","Goya Yuca Rallada grated yuca","Frozen","2",""
"041331090988","Goya:Baked Rips Plantains","Frozen","2",""
"041331091299","Goya Peas And Carrots","Frozen","7",""
"041331091305","Goya Cut Okra","Frozen","3",""
"041331091312","Goya Peas Guisantes","General Food","9",""
"041331091398","Goya Green Beans - Cut","Frozen","3",""
"041331120012","Goya Guandules Verdes","General Food","28",""
"041331124027","Goya Red Kidney Beans","General Food","24",""
"041331124065","Goya Pink Beans","General Food","25",""
"041331124126","Goya Small White Beans","General Food","31",""
"041331124164","Goya Roman Beans","General Food","29",""
"041331124201","Goya Small Red Beans","General Food","18",""
"041331124225","Goya Chick Peas","General Food","15",""
"041331124263","Goya Blackeye Peas","General Food","15",""
"041331124379","Goya Pinto Beans","General Food","21",""
"041331124430","Goya Butter Beans","General Food","2",""
"041331124560","Goya Lentils","General Food","19",""
"041331124669","Goya frijoles Negros","General Food","18","$34.02"
"041331125314","Goya Tender Sweet Peas","General Food","31",""
"041331125536","Goya:Peas and Carrots","General Food","28",""
"041331125567","Goya Whole Kernel Golden Corn","General Food","77",""
"041331125659","Goya Mixed Vegetables","General Food","30",""
"041331125697","Goya Beets, Sliced","General Food","18",""
"041331125734","Goya:Sliced Carrots","General Food","24","$42.96"
"041331125819","Goya:Green Lima Beans","General Food","19",""
"041331125963","Goya White Hominy, Mote Blanco","General Food","3",""
"041331126625","Goya Arroz Amarillo","General Food","5",""
"041331631082","GOYA Extra virgen  oliven oil","General Food","1",""
"041333116013","Duracell Coppertop:9V Battery","Misc.","12",""
"041333213019","Duracell Coppertop D Alkaline Batteries","Customer Tab","2",""
"041333415017","Duracell Coppertop:Four Pack","General Food","7",""
"041383090707","Lactaid:100% Lactose Free Fat Free","Deli","1",""
"041383090714","Lactaid:100% Lactose Free Lowfat","Dairy","0",""
"041383090721","Lactaid:100% Lactose Free Reduced Fat","Dairy","2",""
"041383090738","Lactaid:Lactose Free Whole","Dairy","-19",""
"041387083262","4C:Itm-Sugar-Lemon","General Food","0",""
"041387530100","4C BC-Panko Seasoned","General Food","0",""
"041387530209","4C BC-Panko Plain","General Food","10",""
"041388000091","Blistex Lip Medex Medicated","Vitamins/Medicine","8",""
"041390000027","Kikkoman:Soy Sauce","General Food","11",""
"041390000058","Kikkoman:Teriyaki Canadian","General Food","12",""
"041500000428","French's:Bold N Spicy Brown Mustard","General Food","10",""
"041500053448","French's Classic Yellow","General Food","0",""
"041570056219","Blue Diamond Almonds:Vanilla","Drinks","-1",""
"041789001055","Maruchan Instant Lunch:Lime Flavor w/Shrimp","General Food","14",""
"041789001116","Maruchan:Instant Lunch, Lime Chili Chicken Flavor","General Food","21",""
"041789001154","Maruchan instant lunch lime chili","General Food","12",""
"041789001215","Maruchan Instant Lunch:Chicken","General Food","11",""
"041789001420","Maruchan Instant Lunch:Hot & Spicy Beef","General Food","6",""
"041789001437","Maruchan Instant Lunch:Hot & Spicy Chicken","General Food","2",""
"041789002113","Maruchan:Chicken","General Food","-14",""
"041789002168","Maruchan:Chili - Hot","General Food","0",""
"041789002175","Maruchan:Shrimp","General Food","-1",""
"041789003172","Maruchan:Lime Chili Shrimp Flavor","General Food","0",""
"041800302642","jugo","Drinks","6",""
"041800401277","Passion Fruit Flavored Fruit Juice Cocktail Blend","Drinks","-14",""
"041800401789","Welchs pasion fruit","Drinks","1",""
"042037111151","Bc 6pk Ea","Vitamins/Medicine","24",""
"042279271019","Sal Inglesa","Vitamins/Medicine","1",""
"042279373065","Malt Extract With Hemoglobin Fortified - 16 Oz - Dietary Supplement","Vitamins/Medicine","4",""
"042279376080","LA DRA . MILLER","Vitamins/Medicine","1",""
"042279578088","RABANO YODADO ORIGINAL","Vitamins/Medicine","3",""
"042400267157","MOM FARINA MILLS","General Food","5",""
"042743122496","El Mexicano Strawberry Banana Strawberry Saborico","Drinks","-3",""
"042743125510","El Mexicano:Strawberry Saborico","Drinks","-2",""
"042743125541","El Mexicano:Pina Colada Saborico Mexican Style Drinkable Yogurt","Drinks","-1",""
"042743170572","El Mexicano Strawberry Yogurt","Drinks","-5",""
"042743170602","ELMEXICANO YOGURT 28 FL. OZ.","Drinks","3",""
"042743170619","El Mexicano Strawberry-Banana Yogurt","Drinks","-10",""
"043000045824","Kool-Aid:Peach Mango Unsweetened","General Food","46",""
"043000200025","Jell-O:Raspberry","General Food","8",""
"043000200032","Jell-O Cherry","General Food","3",""
"043000200049","Jell-O Orange","General Food","5",""
"043000200261","Jell-O:Island Pineapple","General Food","2",""
"043000200407","Jell-O:Berry Blue","General Food","7",""
"043000953501","Kool-Aid:Tropical Punch","General Food","0",""
"043000953525","Kool-Aid Grape","General Food","4",""
"043000953532","Kool-Aid Cherry","General Food","6",""
"043000955314","Kool-Aid:Orange Unsweetened","General Food","48",""
"043000955437","Kool-Aid:Tropical Punch","General Food","43",""
"043000955444","Kool-Aid:Lemon-Lime","General Food","47",""
"043000955475","Kool-Aid:Twists Ice Blue Raspberry Lemonade Unsweetened","General Food","46",""
"043005001245","White eggs","Produce","0",""
"043456073501","Maggi:Seasoning Sauce","General Food","2",""
"043600006515","White house organic spple vinegar","General Food","4",""
"044000000578","Nabisco:Original - topped with Sea Salt","Snacks","2",""
"044000003821","Nabisco Premium Original","Snacks","3",""
"044000009298","Nabisco Ritz Bits Cheese","General Food","-18",""
"044000011703","Nabisco Mini Oreo","Snacks","6",""
"044000031114","Nabisco Ritz:Crackers","General Food","4",""
"044000031138","Nabisco Ritz Fresh Stacks:Original","Snacks","-1",""
"044000032197","Nabisco Chips Ahoy!","Snacks","0",""
"044000047009","Oreo","Snacks","-40",""
"044000054953","Premum whole grain","Snacks","4",""
"044000061494","Oreos mini","Snacks","4",""
"044000069919","Oreo cakesters","Snacks","1",""
"044000082147","Oreo golden double stuf","Snacks","2",""
"044600309705","Clorox Bleach Gel Bathroom Cleaner","Cleaning","0",""
"044600320700","KINGSFORD CHARCOAL","Customer Tab","6",""
"044600320960","Kingsford charcoal","Customer Tab","5",""
"044600322513","Clorox","Cleaning","3",""
"044600323367","Clorax","Cleaning","5",""
"044600323879","Clorox","Cleaning","4",""
"044600324173","Clorox no splash","Cleaning","4",""
"044600339108","Lestoil Multi-Purpose Grease & Stain Remover","Cleaning","8",""
"044800001027","Sweet 'n Low:Zero Calorie 3.5 Oz","General Food","4",""
"046158303921","John martin&sons bacON","Produce","3",""
"047416029775","Ducales Golden Delight Crackers","Snacks","41",""
"047416051288","Dux Wheat Crackers","Snacks","29",""
"047416231093","Festival vainilla","Snacks","1",""
"047416231116","Festival fresas","Snacks","-5",""
"047416231154","Festival chocolate","Snacks","6",""
"047416232977","Dux wheat brand honey","General Food","16",""
"047800000526","Accent Flavor Enhancer","General Food","19",""
"048000002563","VAN CAMPS Tuna","General Food","10",""
"048000250056","Van Camp's:Fancy Solid Light Yellowfin In Water","General Food","40",""
"048000250155","Van Camp's:Fancy Solid Light In Oil","General Food","29",""
"048000250261","VAN CAMPS Tuna","General Food","3",""
"048001012523","Norrr caldo de pollo","General Food","1",""
"048001213388","Hellman's Real Mayonnaise","General Food","0",""
"048001213487","hellmans","General Food","2",""
"048001214194","Knorr Hispanic:Tomato w/Chicken Flavor Cubes","General Food","8",""
"048001353664","Hellmann's Real Mayonnaise","General Food","8",""
"048001711044","Knorr Hispanic:Chicken Flavor","General Food","6",""
"048001711273","Maizena Fecula De Maiz","General Food","11",""
"048001711280","Knorr Hispanic:Chicken Flavor","General Food","7",""
"048500000021","Tropicana Ruby Red","Drinks","0",""
"048500001752","Tropicana Ruby Red Grapefruit","Drinks","20",""
"048500001769","Tropicana Apple Juice","Drinks","0",""
"048500008386","Tropicana Cranberry","Drinks","-4",""
"048500008607","Tropicana Orange Juice","Drinks","-3",""
"048500008614","Tropicana 100% Apple","Drinks","-2",""
"048500009406","Tropicana Ruby Red Grapefruit","Drinks","-2",""
"048500018330","Tropicana Pure Premium:No Pulp","Drinks","0",""
"048500021064","Tropicana Twister Tropical Punch","Drinks","4",""
"048500021231","Tropicana Fruit Punch","Drinks","6",""
"048500205471","Tropicana lemonade","Drinks","0",""
"048500205716","Not pulp tropicana","Drinks","1",""
"049000000443","Coca-Cola","Drinks","-18",""
"049000001327","Sprite","Drinks","14",""
"049000006346","Coca Cola","Drinks","-113",""
"049000006582","Diet Coke","Drinks","-11",""
"049000007640","Sprite","Drinks","-9",""
"049000009866","Inca Kola The Golden Kola","Drinks","-1",""
"049000014235","Fanta Orange","Drinks","15",""
"049000014273","Fanta:Pineapple04913207","Drinks","-1",""
"049000019162","Fanta Orange","Drinks","0",""
"049000026207","Fanta:Strawberry","Drinks","2",""
"049000026276","Fanta Grape","Drinks","5",""
"049000028201","Fanta Pineapple","Drinks","3",""
"049000050103","Coca-Cola","Drinks","-11",""
"049000050158","Sprite","Drinks","-29",""
"049000050240","Fanta Grape","Drinks","-5",""
"049000050257","Fanta Orange","Drinks","3",""
"049000050264","Fanta Pineapple","Drinks","-8",""
"049200042014","Domino Sugar","General Food","-8",""
"049200043509","Domino:Pure Cane Granulated","General Food","18",""
"049200045503","Domino: Sugar Pure Cane","General Food","-3",""
"049200056004","Domino:Dark Brown","General Food","20",""
"049200904992","DOMINO golgen sugar","General Food","13",""
"049200905968","Domino sugar","General Food","0",""
"050000010110","Nestle Carnation Evaporated Milk","General Food","47",""
"050000300624","Nestle Coffee-Mate Powder:Original Powder","General Food","3",""
"050000301522","Nestle Coffee-Mate Powder:Original Powder","General Food","2",""
"050000495900","Neatle","General Food","8",""
"050200001680","Sunny d","Drinks","20",""
"050200001697","Sunny D orange strawberry","Drinks","15",""
"050200008801","Sunny D:Tangy Original","Drinks","2",""
"050200500145","Sunny D","Drinks","11",""
"050200553103","Sunny D:Orange Strawberry","Drinks","1",""
"050200554100","Sunny D:Orange Strawberry","Drinks","-3",""
"050700001166","RED & WHITE CORN OIL","General Food","3",""
"050700011257","Red & White Sandwich Bags","Household","2",""
"050700018881","Red & White Macaroni","General Food","7",""
"050700020204","Red And White Evaporated Milk Whole","General Food","30",""
"050700021751","R And W Corn Oil","General Food","4",""
"050700021836","Red & White Vegetable Oil","General Food","0",""
"050700021867","Red And White Vegetable Oil","General Food","26",""
"050700028217","red & white sugar","General Food","-8",""
"050700031675","Red & White Sweetened Condensed Milk","General Food","7",""
"050700031811","Red & White Corn Oil","General Food","2",""
"050700086842","Red And White Pure Corn Oil","General Food","14",""
"050700563312","R&W Flap Ties Tall Kitchen Bags","Household","7",""
"050700563350","RED & WHITE TRASH BAGS 20 BAGS","Household","2",""
"051000012920","V8 Original: 100% Vegetable Juice","Drinks","-24",""
"051000027948","Prego 100% Natural Flavored w/Meat","General Food","3",""
"051000050434","Prego:100% Natural Three Cheese","General Food","3",""
"051000146533","V8 Splash:Berry Blend","Drinks","9",""
"051000146540","V8 Splash:Tropical Blend","Drinks","10",""
"051000146632","V8:Juice Beverage,  Fruit Medley","Drinks","5",""
"051000251114","V8 Splash","Drinks","10",""
"051000272935","V8 ENERGY peach mango","Drinks","10",""
"051000272942","V8 ENERGY pomegrate","Drinks","9",""
"051202008240","Country Club Raspberry Soda","Drinks","3",""
"051202008257","Country Club Merengue Soda","Drinks","26",""
"051202008288","Country Club Naranja Soda","Drinks","2",""
"051202008493","Tropical Strawberry Flavored Soda","Drinks","1",""
"051228637134","Guarina Saladitas","Snacks","-5",""
"051273110118","CLOVER BRAND COCONUT MULK","General Food","-9",""
"051500000878","Smucker's:Pineapple","General Food","4",""
"051500006863","Smucker's:Strawberry","General Food","3",""
"051500022085","Smucker's:Concord Grape","General Food","0",""
"051500255377","Extra Crunchy Peanut Butter","General Food","0",""
"052000010534","Gatorade Green Apple","Drinks","-5",""
"052000102475","Gatorade Glacier Cherry","Drinks","-4",""
"052000104141","G Series Perform Fierce Blue Cherry Sports Drink","Drinks","-2",""
"052000208054","Gatorade:G Series Perform Lemon-Lime","Drinks","39",""
"052000208061","Gatorade:Fruit Punch","Drinks","1",""
"052000208078","Gartodade G:Orange","Drinks","0",""
"052000324815","Gatorade G Series Cool Blue","Drinks","-3",""
"052000328660","Gatorade G Series Perform Fruit Punch","Drinks","-24",""
"052000328677","Gatorade G Series 02 Perform Orange","Drinks","-28",""
"052000328684","Gatorade Lemon-Lime","Drinks","-21",""
"052100049694","Caju","General Food","2",""
"053600000093","La Yogurt:Mixed Berry Blended Lowfat Yogurt","Deli","5",""
"053600000512","La Yogurt Probiotic Strawberry","Drinks","15",""
"054000200427","Scott 1000 Sheets","Hygiene","57",""
"054000472190","Scott","Hygiene","67",""
"054400000092","A.1. Original Sauce","General Food","0",""
"055270832127","Grace Drink Mango Carrot","Drinks","-1",""
"055270832332","Grace:Juice Drink from Concentrate, Reggae Medley","Drinks","0",""
"055270839454","Hot Pepper Sauce","General Food","11",""
"055270844151","Grace:Flavoured Noodle Soup Mix, Chicken","General Food","2",""
"055270844168","Grace:Cock","General Food","-1",""
"055270851333","Grace jerk seasoning","General Food","3",""
"055270851449","Grace:Jamaican Jerk Seasoning, Mild","General Food","1",""
"055270854037","Grace:Corned Beef with Juices","General Food","1",""
"055270953594","Grace Caribbean Trasition Coconut Milk","General Food","17",""
"055270961254","Grace Jack Mackerel In Tomato Sauce (15 Oz)","General Food","10",""
"055500014026","Clorox Clean-Up","Cleaning","4",""
"055500402892","Pinesol Lavender","Cleaning","5",""
"064144000142","pam non stick cooking oil","General Food","4",""
"064144043040","Chef Boyardee Lasagna","General Food","3",""
"064144043224","Chef Boyardee Spaghetti & Meatballs","General Food","4",""
"066613000059","Brunswick In Soybean Oil","General Food","78",""
"066613000097","Brunswick:in Spring Water - no Salt added","General Food","6",""
"066613111038","Brunswick:In Olive Oil 3.75 Oz Tin Overwrap","General Food","22",""
"068274360275","Pure live baby","Drinks","-7",""
"069000147689","Starbucks vanille","Drinks","4",""
"069000148969","Starbucks caramel","Drinks","3",""
"069298701259","Strawberry","Fruits","3",""
"070074407012","Ensure:Regular Creamy Milk Chocolate 8 Oz","Drinks","30",""
"070074407050","Ensure:Regular Strawberries & Cream 8 Oz","Drinks","9",""
"070074407074","Ensure:Plus Vanilla 8 Oz","Drinks","-25",""
"070074407111","Ensure: Original Nutrition Shake","Dairy","-16",""
"070074580500","Pediasure:Vanilla Shake 8 Fl Oz","Drinks","8",""
"070074580562","Pediasure:Strawberry Shake 8 Oz","Drinks","11",""
"070074580593","Pediasure:Chocolate Shake 8 Fl Oz","Drinks","19",""
"070074670966","Pediasure","Drinks","-7",""
"070074678429","Glucerna","Drinks","21",""
"070074678436","Glucerna","Drinks","20",""
"070074678443","Glucerna creamy Strowberry","Drinks","7",""
"070074803364","Pedialyte Unflavored","Vitamins/Medicine","5",""
"070594100257","Cafe Caribe Seleccion Suprema","General Food","6",""
"070662010013","Nissin Oriental","General Food","24",""
"070662010020","Top Ramen Beef Flavor","General Food","4",""
"070662010037","Nissin Top Ramen Chicken Flavor","General Food","-27",""
"070662010105","Top Ramen Shrimp Flavor","General Food","16",""
"070662026038","Top kichen soup","General Food","12",""
"070662030011","Cup Noodles:Beef Flavor","General Food","11",""
"070662030028","Cup Noodles w/Shrimp","General Food","20",""
"070662030035","Cup Noodles Chicken Flavor","General Food","7",""
"070662087206","Nissin:Teriyaki Beef Flavor","General Food","8",""
"070662087213","Nissin:Chicken Flavor","General Food","4",""
"070662087237","Nissin:Teriyaki Beef Flavor","General Food","-2",""
"070662096314","Bowl Noodles:Hot & Spicy Chicken","General Food","9",""
"070734005251","Celestial Seasonings Herbal Tea Caffeine Free Chamomile","General Food","0",""
"070734005299","Celestial Seasonings Herbal Tea Peppermint","General Food","4",""
"070847037750","Monster","Drinks","2",""
"070847811169","Monster Energy Drink","Drinks","50",""
"070920476339","Swiss Miss Milk Chocolate 11.04 OZ 313g","General Food","0",""
"071040063102","Polly-O Mozzarella Whole Milk","Deli","0",""
"071159000197","Corn Nuts:Ranch","Snacks","13",""
"071159001750","Corn Nuts:Chile Picante","Snacks","18",""
"071300000083","Ronzoni Spaghetti","General Food","-5",""
"071300000175","Ronzoni:Linguine","General Food","6",""
"071300000205","Ronzoni:Angel Hair","General Food","0",""
"071300000359","Ronzoni:Elbows","General Food","5",""
"071300000762","Ronzoni Penne Rigate","General Food","1",""
"071300000809","Ronzoni Lasagna","General Food","1",""
"071300001240","Ronzoni:Rotelle","General Food","1",""
"071300001325","Ronzoni:Fettuccine","General Food","0",""
"071300800522","Ronzoni Tri Color Rotini","General Food","6",""
"071429027503","Zatarain's:Seasoned Crispy Southern Style","General Food","2",""
"071582001655","non scrach sponge","Household","13",""
"071582001662","Comet scrub spinge","Household","19",""
"071845098309","Coco Lopez Real Cream Of Coconut","General Food","4",""
"072310003422","Lemon litf black tea","General Food","1",""
"072310003880","Bifelow Green Tea Classic","General Food","1",""
"072310003934","Mint medley","General Food","0",""
"072310003996","I love lemon","General Food","2",""
"072310004016","Cozy chamomile","Vitamins/Medicine","0",""
"072320600017","Chocolate Yan Yan","Snacks","2",""
"072320600024","Vanilla Yan Yan","Snacks","3",""
"072320600031","Yan yan strawberry creme","Snacks","3",""
"072350000207","Yoo-hoo Chocolate","Drinks","-33",""
"072350000511","Yoohoo Cookies &Cream","Drinks","1",""
"072486002205","Jiffy Corn Muffin Mix","General Food","7",""
"072728002062","Victorina pasta tomate","General Food","3",""
"072785143883","MAGNESIUM CITRATE","Vitamins/Medicine","2",""
"072820320446","Queso cotija","Deli","2",""
"072878275231","Herdez:Casera","General Food","1",""
"072878515276","Dona Maria:Tender Cactus","General Food","0",""
"073260000011","Golden Blossom:Genuine Natural Pure Honey","General Food","7",""
"073260000059","Golden Blosom Honey","General Food","17",""
"073260000080","Golden Blossom:Genuine Natural Pure Honey","General Food","7",""
"073420000066","Daisy:Sour Cream","Dairy","2",""
"073420000110","Daisy:Sour Cream","Dairy","2",""
"073420000240","Daisy:Sour Cream","Deli","0",""
"073420016142","Daysi Sour Cream","Deli","4",""
"074030000040","Sorrento:Mozzarella Cheese, Low Moisture Part Skim","Deli","2",""
"074090715151","Coco Rico:Soda, Coconut","Drinks","-35",""
"074300081939","Bengay Ultra Strength Rojo","Vitamins/Medicine","2",""
"074305001161","Bragg:Raw - Unfiltered - with The 'Mother'","General Food","0",""
"074305001321","Bragg:Raw - Unfiltered - with The 'Mother'","General Food","0",""
"074471000500","Cafe Bustelo","General Food","0",""
"074471011117","Bustelo Supreme Cafe Instantaneo","General Food","6",""
"074471017102","Cafe Bustelo Dark Roast","Produce","0",""
"074471017201","Cafe Bustelo Dark Roast","General Food","27",""
"074780000703","Perrier Sparkling Natural Mineral Water","Drinks","1",""
"074904060101","Pineaple","Fruits","-10",""
"074904060118","Pineapple","Fruits","19",""
"075707011000","Cocoa butter","Misc.","-1",""
"075720000043","Poland Spring Natural Spring Water","Drinks","-53",""
"075720000715","Poland Spring Water","Drinks","1",""
"075720000814","Poland Spring","Drinks","59",""
"075720334117","Poland Spring:Deposit","Drinks","-44",""
"075720431151","Poland Spring Flip Cap Sport","Drinks","16",""
"076150232486","Act Il Butter Lovers Microwave Popcorn","General Food","41",""
"076183003138","Snapple Fruit Punch","Drinks","21",""
"076183003282","Snaper","Drinks","17",""
"076183202005","Snapple:Lemon","Drinks","3",""
"076183202036","Snapple:Kiwi Strawberry","Drinks","-2",""
"076183202081","Snapple:Juice Drink, Snapple Apple","Drinks","42",""
"076397031507","La Costena Refried Pinto Beans","General Food","16",""
"076397032504","La Costena Refried black Beans","General Food","3",""
"076523115446","El Faro Pan Sobao","Snacks","12",""
"076523115484","El Faro Coconut Pastry","Snacks","2",""
"076523115491","El Farro Galletas","General Food","12",""
"076583115424","Coconete","Snacks","11",""
"076677100145","Famous Amos Chocolate Chip","Snacks","-53",""
"076808280739","Barilla:Penne","General Food","3",""
"076808515589","Barilla:Lasagne","General Food","4",""
"076808516135","Barilla:Chifferi","Household","2",""
"076808535570","Barilla Piccolini:Mini Farfalle","General Food","5",""
"076809300207","Linden`s Butter Crunch Cookies","Snacks","6",""
"078000001143","canada dry ginger ale can","Drinks","3",""
"078000001273","Canada Dry Seltzer","Drinks","29",""
"078000001303","Lemon Lime Sparkling Seltzer Water","Drinks","30",""
"078000002744","Sunkist Orange","Drinks","6",""
"078000002850","Sunkist:Grape","Drinks","12",""
"078000003468","Schweppes Ginger Ale","Drinks","-27",""
"078000009118","Crush Soda Orange","Drinks","5",""
"078000016406","Squirt Caffeine Free","Drinks","6",""
"078000147407","Canada Dry Sparkling Seltzer - Original","Drinks","-32",""
"078000147469","Canada Dry Sparkling Seltzer - Original","Drinks","-8",""
"078000152463","Canada Dry Ginger Ale","Drinks","-36",""
"078000153453","Canada Dry Tonic Water","Drinks","2",""
"078000201307","GUNGEE ALE","Drinks","4",""
"078000206463","Schweppes Ginger Ale","Drinks","-29",""
"078742235028","towels","Hygiene","11",""
"078776147762","Honey Ginger Tea","General Food","0",""
"079068003100","Swan 50% Isopropyl Alcohol w/ wintergreen","Vitamins/Medicine","9",""
"079068004350","Swan Calamine Lotion","Vitamins/Medicine","6",""
"079400205704","Degree Men:Cool Comfort For Sensitive Skin","Hygiene","3",""
"081356432011","CRISTINA GALLETAS","General Food","-23",""
"081537200057","Del Frutal Peach Juice","Drinks","15",""
"081537200101","Del Frutal Apple Nectar","Drinks","0",""
"081537200125","Nectar Del Frutal Mango","Drinks","6",""
"081553121107","Malta India","Drinks","-16",""
"081553121701","Malta India","Drinks","-25",""
"083703301940","Arnica","Produce","6",""
"084562750436","EKO MUTTON TALLOW Size: 1 OZ","Vitamins/Medicine","3",""
"086106152584","Oatmeal cookies","Snacks","8",""
"086106152607","Iced oatmeal","General Food","3",""
"086106152683","Coconut bar","Snacks","9",""
"086106152904","Lemon bar","Snacks","12",""
"086581010881","Chiky","Snacks","8",""
"086581211301","Club","Snacks","11",""
"086600000053","Bumble Bee Albacore Solid White In Water","General Food","35",""
"086600000084","Bumble Bee Albacore Solid White In Oil","General Food","-4",""
"086600000206","Bumble Bee Chunk Light In Water","General Food","48",""
"086600000213","Bumble Bee:Premium Chunk Light In Oil","General Food","-12",""
"086600000701","Bumble Bee: Pink Salmon","General Food","6",""
"086600403304","Bumble Bee White Chunk In Water","General Food","4",""
"087000016088","PLANTERS","Snacks","2",""
"087684000953","Capri Sun:Pacific Cooler","Drinks","10",""
"088168290051","Epsom Salt","Vitamins/Medicine","2",""
"088313001174","Ducal Refried Beans Red","General Food","21",""
"088313001365","Ducal Refried Beans Black","General Food","-4",""
"089087671518","Country Club Raspberry Soda","Drinks","8",""
"089396000627","Mistic tropical fruit punch","Drinks","9",""
"089396000689","Mictic latta colada","Drinks","8",""
"089396000849","MISTIC","Drinks","10",""
"089674041526","Malher Chicken Flavor and Noodle Soup Mix","General Food","34",""
"090208286122","Eggs grande brown large 12","Deli","-72",""
"090208301139","brown eggs","Produce","0",""
"090478216225","Jarritos Tamarind","Drinks","9",""
"090478331102","Sidral Mundet Green Apple Soda","Drinks","-4",""
"090478410012","Jarritos Mandarin","Drinks","8",""
"090478410036","Jarritos Pineapple","Drinks","14",""
"090478410043","Jarritos Pineapple","Drinks","-8",""
"090478410074","Jarritos Soda Toronja","Drinks","11",""
"090478410081","Jarritos Guava Soda","Drinks","9",""
"090478410166","Jarritos Watermelon 12.5 fl oz","Drinks","3",""
"094262021569","Bijol Coloring Seasoning","General Food","2",""
"094262021576","Bijol","Deli","10",""
"095060030449","Salami vega","Deli","-5",""
"095188000966","Tampico","Drinks","-10",""
"095188000973","Tampico","Drinks","9",""
"095188012990","Tampico 1 gal","Drinks","3",""
"095188021299","Tampica mango punch 1 gal","Drinks","4",""
"095188031298","tampico tropical punch","Drinks","2",""
"095188143052","Tampico:Blue Raspberry Punch, Blueberry, Raspberry","Drinks","9",""
"095188955914","Tampico:Tropical Punch, Cherry, Orange, Pineapple","Drinks","3",""
"095188975912","Tampico mango punch","Drinks","7",""
"095188995910","Tampico:Citrus Punch, Orange, Tangerine, Lemon","Drinks","8",""
"095605601417","Don Reyes","General Food","6",""
"097339000054","Valentina Mexican Hot Sauce","General Food","12",""
"097339000061","Valentina:Mexican Hot Sauce - Extra Hot","General Food","11",""
"099517000023","Martin's Quality Extra Large Eggs","Deli","-103",""
"099517000078","Eggs large 18","Dairy","0",""
"128101125351","El Faro Coquito Coconut Cookies","Snacks","4",""
"128101126419","El Faro Galletas Ajonjoli","General Food","-7",""
"183689182974","Plenty servilletas","Household","8",""
"196005242504","Crico","General Food","4",""
"197644007561","VAN ECUADOR sardinas hot sause","General Food","44",""
"197644588640","Van Ecuador sardines","General Food","29",""
"198168046852","Plantain chip","Snacks","6",""
"198168231050","Plantain strips","General Food","27",""
"198168434765","Plntain chips","Snacks","3",""
"198168655580","Sardina van ecuador","General Food","25",""
"198168685600","VAN ECUADOR sardinas","General Food","49",""
"198715003390","Plantain strips","Produce","16",""
"200000001995","White Pepper","Especies","1",""
"200004301466","Green Peppers","Produce","17",""
"200017601003","Ajicito dulces","General Food","85",""
"200077102496","Redpepper","Produce","-241",""
"200078203994","Mix pepper mix3","Produce","-222",""
"286342406148","Aji-no-moto","Especies","60",""
"300318718131","Robitussin DM","Vitamins/Medicine","2",""
"300450122308","Infant's Tylenol:Grape Flavor - includes Simple Measure","Vitamins/Medicine","6",""
"300450166043","Children's Tylenol:Cherry Flavor Dye-Free","Vitamins/Medicine","2",""
"300450184047","Children's Motrin:Original Berry Flavor Dye-Free","Vitamins/Medicine","2",""
"300672981905","Theraflu","Vitamins/Medicine","0",""
"300678128083","Theraflu Express Max Severe Cold & Cough","Vitamins/Medicine","0",""
"300810730884","Neosporin:Neosporin Original Antibiotic Ointment","Vitamins/Medicine","3",""
"301490001981","Pepto Bismol Display","Vitamins/Medicine","20",""
"301490039045","Pepto-bismol Upset Stomach Reliever","Vitamins/Medicine","4",""
"301490039083","Pepto-Bismo Subsalicylate Upset Stomach","Vitamins/Medicine","2",""
"302190204160","Humphrey's Maravilla Lotion","Vitamins/Medicine","6",""
"305730171304","Children's Advil Grape Flavored Fever Reducer/Pain Reliever","Vitamins/Medicine","3",""
"308691156106","Swan Isoporphyl Alcohol 70%","Vitamins/Medicine","1",""
"312546050792","Halls:Cherry Menthol Drops 9 Ct","Candy","20",""
"312546050808","Halls Mentho-Lyptus:Honey-Lemon","Candy","20",""
"312546050822","Halls:Mentho-Lyptus Menthol Drops 9 Ct","Candy","20",""
"312546050839","Halls Defense:Vitamin C Assorted Citrus 9 Ct","Candy","19",""
"312843551046","Phillips Milk Of Magnesia Sugar Free Original","Vitamins/Medicine","4",""
"323900003613","Vicks Vaporub:Cough Supressant - Topical Analgesic","Vitamins/Medicine","6",""
"323900031517","ZzzQuil","Vitamins/Medicine","32",""
"323900042384","NyQuil Severe","Vitamins/Medicine","11",""
"323900042391","Dayquil severe cold flu","Vitamins/Medicine","15",""
"323900042407","Viporup","Vitamins/Medicine","17",""
"323900042698","DayQuiil kids","Vitamins/Medicine","2",""
"348875000009","Vitacilina (grande)","Vitamins/Medicine","0",""
"350580535042","Children's Benadryl:Bubble Gum Flavored Liquid","Vitamins/Medicine","0",""
"352688195715","Lemisol Plus - Femenine Cleansing Solution","Hygiene","1",""
"363824056722","Mucinex DM 2Ct","Vitamins/Medicine","18",""
"605049510895","SK Orange Valencia","Fruits","1",""
"607412100108","La Dominicana Extracto De Malta","Drinks","9",""
"607412300041","Malta","Drinks","-22",""
"607672300041","LA DOMINICANA  Malta alemana","Drinks","10",""
"611269546019","Red Bull Energy Drink","Drinks","28",""
"611269818994","Red Bull:Energy Drink","Drinks","-12",""
"611269991000","Red Bull","Drinks","34",""
"613008725754","Arizona Fruit Punch Vitamin C","Drinks","-7",""
"613008725778","Arizona Watermelon Fruit Juice Cocktail","Dairy","23",""
"613008725792","Arizona Juice Mucho Mango","Drinks","14",""
"613008751333","Arizona mango","Drinks","1",""
"613008751432","Arizona","Drinks","-5",""
"616612138132","Rabito","Snacks","19",""
"633148100013","Tajin Fruit With Lime Seasoning","General Food","10",""
"633493001416","Hispano Soap","Cleaning","18",""
"633493001591","Hispano Cuaba Soap 2 pc Pack","Cleaning","26",""
"639138513238","Rugen Fisch Smoked Herring Fillets","General Food","22",""
"639138527655","Rugen Fisch Herring Fillets In Hot Tomato Sauce","General Food","38",""
"639138547660","Rugen Fisch Smoked Peppered Herring Fillets","General Food","28",""
"644209307494","Duncan Hines Classic:Classic Yellow","General Food","4",""
"644209411856","Strawberry  suprema","General Food","4",""
"645789439735","Honey Ginger Tea Mint Flavor","General Food","-1",""
"645789439742","Honey ginger tea green tea","General Food","4",""
"645789439766","Pocas Honey ginger tea cinnamon","General Food","0",""
"645789439858","Honey Ginger Tea","General Food","1",""
"647541022032","El Chilerito Chamoy Mexican Hot Sauce","General Food","0",""
"648436100019","Plado Shrimp Instant Noodle Soup Bowl","General Food","12",""
"648436100040","Paldo Kimchi Noodle Instant Noodle Soup","General Food","21",""
"648436100255","Paldo Chicken Flavor Instant Noodle Soup","General Food","12",""
"650066003226","Suerox blueberry","Drinks","6",""
"650067000194","Tukol  Max Action  6 oz","Vitamins/Medicine","0",""
"652010000053","SALT","General Food","0",""
"652010000060","SUPERIOR CRYSTAL SALT","General Food","10",""
"652729102451","Magnolia Sweetened Condensed","General Food","22",""
"655708119686","Visine Advanced Redness+irritation Relief","Vitamins/Medicine","3",""
"657227000506","Essentia Hydration Perfected","Drinks","18",""
"657227001206","Essentia:Purified Drinking Water","Drinks","33",""
"680147230692","Dulce de leche","General Food","9",""
"680444105419","Ajo pelado","General Food","3",""
"683233000018","Prolyn For Adults Appetite Enhancer","Vitamins/Medicine","0",""
"708828980589","Tumery te","Vitamins/Medicine","-1",""
"708828980763","Diabeti anti diabetic tea","General Food","2",""
"710164444052","Oregano","General Food","23",""
"710164444069","SOY DOMINICANO Oregano Natural","General Food","0",""
"710164444106","SOY DOMINICANO ARTIFICIAL VANILLA FLAVOR","General Food","2",""
"710164444366","LA Brillante vainilla","General Food","8",""
"710164444519","Vainilla blanca","General Food","-4",""
"710164444526","Soy dominicano vainilla","General Food","5",""
"710164444588","La Brillante vainilla","General Food","-7",""
"710779770461","Lean body vainilla","Drinks","5",""
"710779770485","Leanbody caramel","Drinks","1",""
"710779770515","Lean body strawberry","Drinks","4",""
"715756300020","Driscoll's:Blueberries","Fruits","1",""
"718791605105","Best Guava Juice Drink","Drinks","1",""
"718791605112","Best Guava Juice Drink","Drinks","4",""
"718791618204","Best Guava Juice Drink","Drinks","0",""
"718791618440","Best Juice Cocktail Drink","Drinks","7",""
"718791808124","BEST MANGO JUICE DRINK","Drinks","-2",""
"718791808223","Best Mango Juice Drink","Drinks","0",""
"718791848212","Best pom","Drinks","8",""
"718864201029","Alcolado Relampago","Vitamins/Medicine","6",""
"718912323239","P.A Pure Creamed Coconut","General Food","14",""
"722776200025","Splenda:100 Packets","General Food","1",""
"725793601264","EL FARO EGG CRACKERS","Snacks","-9",""
"727452001002","La Morena: Sliced Green Pickled Nacho Jalapeño Peppers","General Food","5",""
"727452001040","La Morena Jalapeno Nacho Sliced","General Food","6",""
"731946010982","Afrin Original spray","Misc.","5",""
"731946011804","Zantac","Vitamins/Medicine","4",""
"731946015079","TOOTHPICKS","Misc.","7",""
"732290006003","ile Chimichurri","General Food","1",""
"732626100115","Howard's Fried Pork Skins - Lime Chili","Snacks","-14",""
"735153300041","Hilo para tamale","Household","21",""
"738545010481","Botanera Salsa Clasica","General Food","8",""
"739802458527","orejitas","Snacks","0",""
"739907000010","PAN Maiz Blanco","General Food","0",""
"739907002069","PAN Corn Meal Pre-cooked Yellow","General Food","5",""
"743109000839","Arroz Rico","Produce","10",""
"743542044001","Higueral Original Cooked Salami","Deli","3",""
"743542044018","Higueral:Salami","Deli","14",""
"743709000253","Long Grain Rice","General Food","-10",""
"743709000819","Rico Enriched Long Grain Rice","General Food","-19",""
"743709000826","Rico Enriched Long Grain Rice","General Food","-6",""
"745556142056","Coquito Delicias","Snacks","7","$9.33"
"745556142384","Delicias (Cremita de leche)","Snacks","1",""
"746805290016","Cavalier Collectioin Disposable Extra Heavy Duty Combo Cutlery","Customer Tab","4",""
"748404287947","Seeds of Change Quinoa & Brown ARice","General Food","6",""
"750253719098","Spoon 52 count","Customer Tab","11",""
"750894610259","Zambos Chile limon","General Food","2",""
"752412210101","In Soybean Oil Tuna","General Food","24",""
"753079000449","Dino Sandwich Cream","Snacks","12",""
"753079000463","DINO","Snacks","0",""
"753079000487","Dino  vainilla","Snacks","3",""
"757528005047","Takis Fuego Hot Chili Pepper & Lime","Snacks","23",""
"757528005276","Barcel Takis Fuego","General Food","18",""
"757528046682","Takis fuego","Snacks","3",""
"757817890514","Coconete embuelto","Snacks","18",""
"759494000354","Guitig Spring Mineral Water","Drinks","-3",""
"760203004143","Guandy Angelitos Marshmallows","Snacks","-4",""
"760203005164","Guandy Angelitos Strawberry Marshmallows","Snacks","0",""
"760488742556","Van tuna ecuador en aceite","General Food","23",""
"760488742648","VAN ECUADOR ATUN","General Food","23",""
"760695010790","James Farm Fresh Extra Large Eggs","General Food","-32",""
"760695341023","Camarones","Frozen","-1",""
"760695341122","Shrimp premium","Frozen","0",""
"761720058596","Crisco Pure Corn Oil","General Food","0",""
"761720071045","Argo:100% Pure","General Food","4",""
"761720987155","Mazola corn oil 40 fl.oz.","Produce","2",""
"761720987377","Mazola:Blend of Corn & Canola Oils 100% Pure","General Food","1",""
"761720987513","Mazola Blend of Vegetable & Canola Oils","General Food","2",""
"764090012014","Sobrino instantsneo","General Food","0",""
"764090024031","Chocolate EMBAJADOR 10 Tablets","General Food","26",""
"764438500012","Dell's Maraschino Cherries","General Food","10",""
"781308001288","3 Ballerina Tea:Dieters' Drink, Extra Strength, No Caffeine","Vitamins/Medicine","2",""
"781624007865","Isadora Refried black Beans","General Food","3",""
"781624008053","Isadora Refried Beans","General Food","3",""
"786119000017","Cibao Long Cured Sausage","Deli","22",""
"786119000048","Cibao Brand Longaniza","Deli","9",""
"786119000093","Induveca Salami Super Especial","Deli","13",""
"786119000130","Induveca Salami Super Especial","Deli","9",""
"786119000185","Induveca Smoked Cooked Salami","Deli","19",""
"786119000628","Campesino Salami","Deli","10",""
"786119000680","Campesino Cooked Salami","General Food","0",""
"786119001007","Jamonada don pedro","Deli","3",""
"786119001069","Don Pedro Brand Jemonada Cooked Salami","General Food","2",""
"786119001168","Jamoneta Smoked Flavor Added","Deli","6",""
"786119002653","COOKED SALAMI DEL PUEBLO","General Food","11",""
"786119007061","Pavolami Salami","General Food","9",""
"786119007078","Pavo","General Food","6",""
"786162004857","Vitaminwater Refresh Tropical Mango","Drinks","10",""
"786162010001","Glaceau Vitamin Water:power-C - dragonfruit","Drinks","-7",""
"786162040008","VitaminWater Essential","Drinks","8",""
"787545004174","Baldom Ranchero Sazon Criollo","General Food","22",""
"787545004181","Ranchero Sazon Criollo","General Food","24",""
"787545004402","Baldom Real Mayonnaise","General Food","12",""
"787545004570","RANCHERO SALSA INGLESA","General Food","46",""
"787545004587","Ranchero Salsa Inglesa","General Food","27",""
"787545004600","Ranchero Salsa China Soy Sauce","General Food","21",""
"787545004617","Ranchero Salsa China","General Food","5",""
"787545004693","Ranchero Picante","General Food","16",""
"787545004884","Gelatina Oli","General Food","6",""
"787545005072","Baldom Sandwich Spread","General Food","22",""
"787545005232","Ranchero Sazon Liquido","General Food","5",""
"787545005249","Baldom Ranchero Sazon Liquido","General Food","12",""
"787545005287","Ranchero Salsa China","General Food","3",""
"787545005294","Ranchero Salsa Inglesa","General Food","4",""
"787545012094","Ranchero Vinagre Blanco","General Food","19",""
"787545045115","Sazon Super Completo","General Food","15",""
"787545046006","Baldon Vinagre Ambar ranchero","Produce","1",""
"787545052823","Baldom Garlic Paste","General Food","10",""
"787545052854","Baldom Garlic Paste","General Food","1",""
"787545234212","BALDOM ORIGINAL SALSA RANCHERO","General Food","51",""
"787545303307","Vinagre ranchero  baldon","General Food","0",""
"790330061009","Rica Milk Listamilk","Drinks","-2",""
"790330061023","Rica CHOCO Listamilk","Dairy","15",""
"794522730629","Lipton green tea","General Food","5",""
"795999101035","Cofal Original","Vitamins/Medicine","1",""
"805418098447","BRONCOCHEM ANTIGRIPAL NIÑOS","Vitamins/Medicine","3",""
"805418116875","Broncochem Expectorant Syrup","Vitamins/Medicine","0",""
"810006590098","Vitarella wafer strawberry","Snacks","19",""
"810073180109","Tangerine bag","Fruits","1",""
"812828010457","Mama Tere Plantain Chips","General Food","2",""
"812828010488","Mama Tere Spicy Plantain Chip Platanitos","General Food","13",""
"812828010501","Hoja de naranjo","Especies","5",""
"812828011119","Mama Tere Panela Fraccionada","Produce","11",""
"812828011980","Cocotal Coconut Juice W/ Pulp","Drinks","9",""
"812828012116","Mote","Frozen","4",""
"812828012413","Fideos Mama Tere Pasta","General Food","0",""
"812849020091","Komilon","Vitamins/Medicine","4",""
"813678000018","Tortilleria Mexicana Los Hermanos","General Food","-7",""
"816149010929","Lola Pan De Leche","General Food","5",""
"816493010132","El Yucateco Chile Habanero","General Food","11",""
"816493010149","El Yucateco Green Habanero Sauce","General Food","3",""
"818645010991","Aloevine Watermelon","Drinks","3",""
"821409024004","IMUSA ESPRES","Household","2",""
"821409033433","Imusa Coffee Maker - Espresso","Household","1",""
"821409033440","Imusa Espresso Maker - Stove Top","Household","2",""
"827854007470","Ajax","Cleaning","1",""
"827854009504","Ajax","Cleaning","0",""
"827854011149","Ajax","Cleaning","4",""
"830108001582","ZUCO Passion fruit","General Food","2",""
"830108001605","Hibiscus -jamaica","General Food","5",""
"831384000504","Mabi Taino Seybano Beer.","Drinks","43",""
"831384000702","Mabi Taino Cacheo","Drinks","21",""
"834164000725","Caridom Mojo Criollo","General Food","9",""
"836582000011","Midland & Farms Milk","Drinks","-12",""
"836582000059","Midland Farms Milk","Dairy","-65",""
"836582002008","Midland Farms MILK 1 QT","Dairy","-12",""
"837464000204","MINI CROISSANTS","Snacks","26",""
"837553600186","Dove original","Hygiene","5",""
"841466000025","Frozen banana Leaves","Frozen","5",""
"847380000004","Tamarindo 1Lb","Fruits","4",""
"850003560458","Prime blue RASBERRY","Drinks","-2",""
"850011745076","Trifongosnachks","Snacks","0",""
"850018933186","Cola de caballo","Especies","3",""
"850018933902","Zazon. Mamatere","General Food","9",""
"850022820908","Natural ranchera","General Food","19",""
"850024432031","Ambesol","Vitamins/Medicine","6",""
"850027807799","Valle andino ALIÑO","General Food","6",""
"850027807812","Chimichurri","General Food","13",""
"850027807829","Achiote con aceite vegetal","General Food","1",""
"850035979198","Spong","Snacks","23",""
"850050569312","Bacil seed pomegranate","Drinks","16",""
"850050569473","Basil seed drink","Drinks","12",""
"850050569664","MT  Aloe vera coco","Drinks","13",""
"850050569817","Platanito saladitos mamatere","General Food","-3",""
"850067000778","Mr. Coffee:Basket 4 Cup","General Food","6",""
"850937001119","Mandarinas","Produce","5",""
"851788008456","Solid light tuna van ecuador","General Food","24",""
"851788008463","Ecu atun","Produce","16",""
"851788008524","Hoja de moringa","Especies","6",""
"851788008845","Eucalipto","Especies","1",""
"851788008852","Hoja de limon","Especies","8",""
"852691002708","Alumbre en piedra","Vitamins/Medicine","4",""
"853394001616","Mama tere Aliño","General Food","8",""
"853394001678","Mama Tere Chochos en Salmuera","General Food","-12",""
"854216001012","Mini Croissants","General Food","-84",""
"854219002559","Valles Andinos Purple Flour","General Food","9",""
"854404006713","Colonial Instand Oats","General Food","2",""
"856569005013","La Guaira Crackers","General Food","17",""
"858037006003","Contanza melaza","General Food","9",""
"858037006195","constanzera honey","General Food","6",""
"858037006270","Avena conztanzera 2lb","General Food","4",""
"858037006355","Avena contanzera","General Food","6",""
"858037006706","Trementina constanzera","Cleaning","4",""
"859156006349","Acido borico","Vitamins/Medicine","5",""
"859420007140","ARNICA SALVE","Vitamins/Medicine","6",""
"859964007064","welchs","Drinks","21",""
"860009934825","Testy gelatina stroberry","General Food","8",""
"867580000147","Pony Malta","Drinks","1",""
"876063002011","Muscle Milk Chocolate","Drinks","8",""
"876063002028","Muscle Milk Vanilla Creme","Drinks","8",""
"876063007160","MUSCLE MILK PRO 14OZ","Drinks","8",""
"883394001903","Lulo","Frozen","7",""
"883990101205","Good2 Grow Raspberry lemonade","Drinks","7",""
"883990661846","Good2grow starberry kiwi","Produce","10",""
"883990661853","Good grow","Drinks","20",""
"884394000538","OKF Coco Natural Coconut Drink","Fruits","8",""
"884394007285","Farmer's Aloe Vera Drink","Drinks","5",""
"884394007377","Farmers Aloe Vera","Drinks","-1",""
"884912014276","Honey Bunches of Oats:W/Almonds","Snacks","2",""
"884912315373","Oreos cereal","General Food","0",""
"888109050061","Hostess Donettes Glazed Mini Donuts","Snacks","4",""
"888849016068","Quest","Drinks","23",""
"889392000863","Celsius live fit green apple cherry","Drinks","-8",""
"889392000917","Celcius Sparkling Grape Rush","Drinks","21",""
"889392001761","Celsius strawbery pass","Drinks","12",""
"889497641015","Nutrament","Drinks","2",""
"889497642012","Nutramen","Drinks","11",""
"889497643019","Nutrament","Drinks","6",""
"889497644016","Nutrament","Drinks","12",""
"893648001467","Tradiciones Andinas Cancha Corn","General Food","0",""
"894537000011","Oven Delight Butter Croissant","Snacks","35","$28.88"
"894764002680","Mexican guaba","Fruits","8",""
"895351000034","Molino Del Sol Galletas Integrales","Snacks","-14",""
"895351000072","Molino Del Sol Galletas Integrales","Snacks","-94",""
"895605601116","Salami[ estelar ]super special premiun","General Food","13",""
"895605601161","Super vega","Deli","13",""
"895605601192","Jamon bolo super vega","General Food","8",""
"896650001524","Aloevine Piña","Drinks","8",""
"896650001722","Aloevine Pomegranate Drink","Drinks","0",""
"897922002966","Better body look svocado oil","General Food","4",""
"899340001453","Red pearl onions (cebollin)","General Food","8",""
"899711001303","Broncolito Jarabe","Vitamins/Medicine","2",""
"899711001327","Sanatos Day Syrup Cough Relief","Vitamins/Medicine","3",""
"899711001334","Sanatos Night Syrup Cough Relief 6oz - Jarabe Para La Tos","Vitamins/Medicine","4",""
"2494111114271","Chinola. Rica","Drinks","3",""
"5010455601078","Halls extra strong","Candy","20",""
"5397005022027","Pina zise 6","Fruits","4",""
"5462711151580","Fruit punch","Drinks","10",""
"6001067004943","Colgate Zig Zag Medium Toothbrush","Hygiene","4",""
"6001085120946","Vaseline NO.1 Skin Protection 100 ML","Vitamins/Medicine","2",""
"6597400113569","Van Ecuador Lomitos en Aceite","General Food","75",""
"6931492322063","Blue-Touch Super Mouse Adhesive Trap","Misc.","8",""
"7410003100745","Ganol","Vitamins/Medicine","3",""
"7460000011605","Mechi garlic buffet","General Food","9",""
"7460000055050","Casabe de ajo mechy","General Food","4",""
"7460000076246","Coconut casabe","Snacks","14",""
"7460000086481","Casaba bread","General Food","-2",""
"7460000210862","Casabe de mani","Snacks","3",""
"7460111102360","Chocorica","Dairy","-1",""
"7460111102643","Rica Fruit Punch","Drinks","4",""
"7460111114271","Rica chinola","Drinks","0",""
"7460111151405","Rica Orange","Drinks","6",""
"7460111151412","Fruit punch Rica","Drinks","14",""
"7460111151429","Rica pineapple guava","Drinks","20",""
"7460111151443","Rica pera","Fruits","0",""
"7460111151450","Rica guava","Drinks","1",""
"7460111151481","Rica mango nectar","Drinks","16",""
"7460111151498","Rica soursop juice","Drinks","6",""
"7460111151504","Rica pineapple","Drinks","2",""
"7460111151511","Rica passion fruit","Drinks","-14",""
"7460111151566","Rica","Drinks","8",""
"7460111151580","Fruit punch","Drinks","-8",""
"7460111151597","Rica orange","Drinks","-2",""
"7460111151603","Rica","Drinks","24",""
"7460111151658","RICA pera","Drinks","28",""
"7460111151665","Fruit punch","Drinks","51",""
"7460111151672","Rica mango","Drinks","8",""
"7460111151689","Rica fruit punch","Drinks","-1",""
"7460123434602","Magi","Especies","0",""
"7460123444311","nestle","General Food","22",""
"7460383812660","CREMA DESODORANTE DEPORTE","Hygiene","2",""
"7460496803272","Hojuelitas","Snacks","0",""
"7460496803289","Hojuelita BBQ","Snacks","22",""
"7460828502576","BAY RUM CONSTANZA","Vitamins/Medicine","0",""
"7460828550218","FORTY MALT","Vitamins/Medicine","1",""
"7461754900306","El Fogon Bitter Orange Seasoning","General Food","7",""
"7462103011568","Bronchina","Vitamins/Medicine","3",""
"7462381300262","Jabon Hispano","Hygiene","0",""
"7462381310063","Hispano cononut oil","Cleaning","6",""
"7462381319837","Hispano Personal Honey Soap","Hygiene","24",""
"7462381321052","Jabon azulito","Cleaning","25",""
"7462381340527","Hispano Familiar","Hygiene","3",""
"7462381389618","Hispano bebe","Household","6",""
"7462381389625","Experto hispano","Hygiene","6",""
"7464521710344","Septicon by Alopecil","Hygiene","2",""
"7464521710405","Jarabe Berro & Cebolla","Vitamins/Medicine","-7",""
"7464521711273","Sancochito","Vitamins/Medicine","4",""
"7464521734333","JARABE LIMPIA PECHO","Vitamins/Medicine","4",""
"7466077700299","CASABE GUANANI AL AJILLO","General Food","-6",""
"7467340330915","Princesa","General Food","5",""
"7467524801408","Saca-Grip","Vitamins/Medicine","2",""
"7467524801736","Gelnorex","Vitamins/Medicine","2",""
"7467524801767","Gelnorex Children","Vitamins/Medicine","3",""
"7467524801781","Vino Cerebrina Rangel","Vitamins/Medicine","1",""
"7467524801798","COMPLEX B","Vitamins/Medicine","3",""
"7467524802382","COMPUESTO SARA","Vitamins/Medicine","3",""
"7467524802542","Pecho sano","Vitamins/Medicine","2",""
"7467581600082","Ricos Spaghetti","General Food","12",""
"7467581600099","Ricos Fideos","General Food","16",""
"7467581603809","Guarina leche","General Food","18",""
"7467581604295","Wafer limon","General Food","0",""
"7467581604318","Guarina wafer vainilla","Snacks","16",""
"7467581604332","GuariNa  wafer fresas","Snacks","7",""
"7468191037787","Gomenol","Vitamins/Medicine","25",""
"7468235130061","MOLINI DEL SOL GALLETAS DE AJO","General Food","21",""
"7468235130078","Molino Del Sol Galletas Integrales","General Food","17",""
"7468235130382","Cubana","Snacks","1",""
"7468235130412","Molino Del Sol Galletas Integrales","General Food","1",""
"7468654870029","Casabe","General Food","10",""
"7468959480930","Calcio granulado","Vitamins/Medicine","2",""
"7469518400024","HARINA EL NEGRITO","General Food","0",""
"7501007829500","Calmex Sardines","General Food","0",""
"7501052042831","Sal de uvas picot","Vitamins/Medicine","25",""
"7501071900129","Clorox original","Hygiene","0",""
"7613287086792","MALHER","General Food","12",""
"7702354250423","DONA GALLINA SAZON COMPLETO","General Food","27",""
"7702354500269","Dona Gallina","General Food","-4",""
"7702354501891","DONA GALLINA 72 CUBITOS","General Food","8",""
"7754487116374","Aji-No-Moto","Produce","50",""
"7754487117876","Aji-No-Moto","General Food","-11",""
"7821007807798","VAN ECUADOR TUNA olive oil","General Food","19",""
"7861005600229","Honimans Manzanilla con Miel","General Food","8",""
"7861012500239","Gelatoni","Snacks","-15",""
"7861012500246","Gelatoni Cherri","Snacks","2",""
"7861012500277","Gelatoni The Original","Deli","2",""
"7861012506576","Gelatoni Uva","Snacks","-12",""
"7861012514120","Tony stroberry","Drinks","-49",""
"7861012514137","Toni chocolata","Drinks","19",""
"7861012514144","Tony  vanilla","Drinks","-2",""
"7861048690904","La Favorita Achiote Vegetable Oil","General Food","9",""
"7861048690911","La Favorita Achiote Vegetable Oil","General Food","28",""
"7861091158017","Nestle Amor Classic Cream Wafers","Snacks","4",""
"7861091158024","Nestle Amor Chocolate","Snacks","-7",""
"7861091158048","Nestle Amor Fresa","Snacks","5",""
"7861091158055","Amor Vanilla Wafer","Snacks","7",""
"7862100780748","Van ecuador olive oil 4 pack","General Food","20",""
"7862100780755","VAN ECUADOR tuna /4","General Food","23",""
"7862100780779","VAN ECUADOR tuna olive oil","General Food","41",""
"7868001160917","Atun encebollsdo","General Food","0",""
"8712561306577","Dove Bar Soap Coconut Cream","Hygiene","0",""
"8712561538077","Dove Go Fresh","Hygiene","37",""
"8717163965030","Dove Silk Dry Original","Hygiene","0",""
"8999999003074","Vaseline Hydrating Cucumber","Hygiene","5",""
"9475342024655","Black beans","General Food","12",""